"timestamp,aqi,pm2_5,pm10,temperature,humidity,wind_speed",timestamp,aqi,pm2_5,pm10,temperature,humidity,wind_speed
"2024-10-15 01:00:43,4.0,58.58,84.51,28.9,51,2.06",,,,,,,
,2024-11-09 09:11:38,3.0,26.24,59.1,28.9,70.0,2.57
,2024-11-09 14:11:38,3.0,25.01,57.34,32.9,46.0,4.12
,2024-11-09 19:11:38,3.0,27.66,60.31,26.9,74.0,2.57
,2024-11-10 00:11:38,3.0,35.1,68.95,24.9,83.0,0.0
,2024-11-10 05:11:38,3.0,43.25,78.53,23.9,88.0,0.0
,2024-11-10 10:11:38,3.0,39.14,86.9,29.9,58.0,3.09
,2024-11-10 15:11:38,3.0,29.72,87.61,31.9,48.0,4.12
,2024-11-10 20:11:38,3.0,35.33,91.27,25.9,78.0,2.57
,2024-11-11 01:11:38,4.0,50.58,111.75,25.9,83.0,2.06
,2024-11-11 06:11:38,4.0,70.32,141.01,24.9,88.0,1.54
,2024-11-11 11:11:38,4.0,48.07,143.04,31.9,48.0,3.09
,2024-11-11 16:11:38,4.0,45.51,142.64,31.9,40.0,5.14
,2024-11-11 21:11:38,4.0,48.91,143.07,25.9,78.0,2.06
,2024-11-12 02:11:38,4.0,58.3,150.27,24.9,83.0,2.06
,2024-11-12 07:11:38,5.0,167.42,274.55,22.9,94.0,2.06
,2024-11-12 12:11:38,4.0,52.58,160.3,31.9,45.0,6.17
,2024-11-12 17:11:38,4.0,51.27,150.96,28.9,58.0,3.6
,2024-11-12 22:11:38,5.0,78.35,180.29,26.9,69.0,1.54
,2024-11-13 03:11:38,5.0,82.76,166.75,23.9,83.0,0.0
,2024-11-13 08:11:38,5.0,318.69,432.65,24.9,88.0,0.0
,2024-11-13 13:11:38,4.0,53.72,110.92,32.9,25.0,5.14
,2024-11-13 18:11:38,4.0,67.59,152.94,27.9,54.0,4.12
,2024-11-13 23:11:38,5.0,76.38,144.32,24.9,73.0,1.54
,2024-11-14 04:11:38,5.0,87.02,140.4,21.9,83.0,1.54
,2024-11-14 09:11:38,5.0,253.2,344.44,27.9,65.0,2.06
,2024-11-14 14:11:38,3.0,41.47,69.25,32.9,21.0,3.09
,2024-11-14 19:11:38,4.0,64.88,102.79,27.9,32.0,1.54
,2024-11-15 00:11:38,5.0,115.68,156.58,20.9,56.0,2.57
,2024-11-15 05:11:38,3.0,47.43,72.46,19.9,64.0,3.09
,2024-11-15 10:11:38,5.0,123.23,175.34,28.9,45.0,3.09
,2024-11-15 15:11:38,3.0,36.46,62.06,32.9,19.0,3.09
,2024-11-15 20:11:38,3.0,39.65,73.27,25.9,38.0,2.06
,2024-11-16 01:11:38,3.0,36.39,65.67,20.9,73.0,1.54
,2024-11-16 06:11:38,5.0,75.19,121.62,19.9,77.0,2.06
,2024-11-16 11:11:38,3.0,38.79,92.72,30.9,37.0,1.54
,2024-11-16 16:11:38,3.0,35.37,97.07,30.9,37.0,4.12
,2024-11-16 21:11:38,4.0,45.99,111.03,25.9,65.0,0.0
,2024-11-17 02:11:38,5.0,107.47,167.0,22.9,73.0,1.54
,2024-11-17 07:11:38,5.0,132.6,208.14,21.9,83.0,1.54
,2024-11-17 12:11:38,5.0,181.97,259.9,31.9,35.0,4.12
,2024-11-17 17:11:38,4.0,62.31,122.56,29.9,37.0,4.12
,2024-11-17 22:11:38,5.0,190.26,265.8,24.9,61.0,1.54
,2024-11-18 03:11:38,5.0,125.25,192.57,22.9,64.0,2.06
,2024-11-18 08:11:38,5.0,191.4,272.58,22.9,56.0,1.54
,2024-11-18 13:11:38,5.0,257.94,379.38,31.9,22.0,2.06
,2024-11-18 18:11:38,5.0,147.27,218.06,26.9,41.0,1.54
,2024-11-18 23:11:38,5.0,561.25,677.33,22.9,56.0,2.57
,2024-11-19 04:11:38,5.0,146.56,213.4,21.9,49.0,0.0
,2024-11-19 09:11:38,5.0,326.14,431.74,26.9,36.0,1.03
,2024-11-19 14:11:38,5.0,134.44,194.53,31.9,40.0,4.12
,2024-11-19 19:11:38,4.0,50.56,91.36,25.9,38.0,1.54
,2024-11-20 00:11:38,5.0,186.75,243.14,21.9,56.0,1.54
,2024-11-20 05:11:38,5.0,117.18,168.33,19.9,60.0,2.06
,2024-11-20 10:11:38,5.0,381.65,490.21,27.9,34.0,3.09
,2024-11-20 15:11:38,3.0,34.88,63.48,30.9,29.0,4.12
,2024-11-20 20:11:38,4.0,60.21,98.11,24.9,61.0,1.54
,2024-11-21 01:11:38,5.0,127.97,170.16,20.9,78.0,2.57
,2024-11-21 06:11:38,5.0,150.67,197.66,18.9,82.0,1.54
,2024-11-21 11:11:38,3.0,45.06,75.84,30.9,40.0,3.09
,2024-11-21 16:11:38,3.0,29.53,55.28,29.9,39.0,6.17
,2024-11-21 21:11:38,4.0,61.72,97.93,24.9,65.0,2.06
,2024-11-22 02:11:38,4.0,50.27,75.95,21.9,78.0,1.54
,2024-11-22 07:11:38,5.0,152.8,195.07,19.9,88.0,2.06
,2024-11-22 12:11:38,3.0,33.8,56.37,30.9,35.0,1.54
,2024-11-22 17:11:38,3.0,32.15,52.44,27.9,54.0,5.14
,2024-11-22 22:11:38,4.0,67.61,99.61,23.9,69.0,2.06
,2024-11-23 03:11:38,3.0,33.48,51.09,21.9,73.0,1.54
,2024-11-23 08:11:38,5.0,130.29,168.62,22.9,78.0,2.06
,2024-11-23 13:11:38,2.0,24.94,40.86,30.9,40.0,4.63
,2024-11-23 18:11:38,3.0,25.04,42.09,26.9,57.0,4.12
,2024-11-23 23:11:38,4.0,72.64,104.46,23.9,78.0,1.54
,2024-11-24 04:11:38,4.0,67.77,94.48,20.9,88.0,2.06
,2024-11-24 09:11:38,5.0,285.91,354.15,25.9,78.0,2.06
,2024-11-24 14:11:38,5.0,75.45,109.4,31.9,31.0,0.0
,2024-11-24 19:11:38,3.0,35.8,61.38,24.9,50.0,1.54
,2024-11-25 00:11:38,5.0,131.7,172.42,21.9,83.0,2.06
,2024-11-25 05:11:38,5.0,101.59,151.48,17.9,88.0,3.09
,2024-11-25 10:11:38,5.0,245.2,355.09,28.9,37.0,2.57
,2024-11-25 15:11:38,5.0,111.04,162.86,30.9,29.0,3.09
,2024-11-25 20:11:38,5.0,257.8,321.57,24.9,44.0,2.57
,2024-11-26 01:11:38,5.0,382.86,475.79,19.9,68.0,2.06
,2024-11-26 06:11:38,5.0,200.03,263.41,17.9,82.0,2.57
,2024-11-26 11:11:38,5.0,137.47,184.64,30.9,35.0,2.06
,2024-11-26 16:11:38,3.0,39.7,78.81,30.9,37.0,7.2
,2024-11-26 21:11:38,5.0,150.09,220.26,23.9,73.0,2.06
,2024-11-27 02:11:38,5.0,124.12,186.09,19.9,88.0,1.54
,2024-11-27 07:11:38,4.0,67.14,119.16,19.9,88.0,1.54
,2024-11-27 12:11:38,3.0,29.98,72.92,30.9,48.0,3.6
,2024-11-27 17:11:38,3.0,32.07,78.85,28.9,51.0,5.14
,2024-11-27 22:11:38,5.0,128.81,202.92,23.9,78.0,3.09
,2024-11-28 03:11:38,5.0,126.6,174.69,20.9,88.0,3.09
,2024-11-28 08:11:38,5.0,352.76,418.81,21.9,88.0,1.54
,2024-11-28 13:11:38,5.0,96.7,144.45,29.9,51.0,4.63
,2024-11-28 18:11:38,3.0,32.29,66.31,26.9,57.0,2.57
,2024-11-28 23:11:38,4.0,56.87,97.01,22.9,78.0,1.54
,2024-11-29 04:11:38,5.0,108.36,142.37,19.9,94.0,1.54
,2024-11-29 09:11:38,5.0,271.41,342.07,24.9,73.0,2.57
,2024-11-29 14:11:38,4.0,74.7,111.53,30.9,35.0,3.6
,2024-11-29 19:11:38,3.0,35.7,67.86,25.88,66.0,4.28
,2024-11-30 00:11:38,5.0,102.3,139.32,21.9,78.0,2.06
,2024-11-30 05:11:38,4.0,61.22,103.42,20.9,88.0,2.06
,2024-11-30 10:11:38,5.0,189.57,286.84,28.9,37.0,4.63
,2024-11-30 15:11:38,5.0,86.69,152.25,30.9,23.0,4.12
,2024-11-30 20:11:38,5.0,128.17,206.48,23.9,46.0,3.09
,2024-12-01 01:11:38,5.0,127.42,218.73,19.9,56.0,2.06
,2024-12-01 06:11:38,5.0,164.34,252.12,16.9,77.0,2.06
,2024-12-01 11:11:38,5.0,114.1,183.19,28.9,23.0,2.06
,2024-12-01 16:11:38,5.0,102.52,162.38,29.9,23.0,3.09
,2024-12-01 21:11:38,5.0,299.96,371.51,21.9,49.0,2.06
,2024-12-02 02:11:38,5.0,163.37,240.86,17.9,59.0,1.54
,2024-12-02 07:11:38,5.0,229.3,326.29,15.9,63.0,2.06
,2024-12-02 12:11:38,5.0,84.78,133.03,29.9,25.0,3.09
,2024-12-02 17:11:38,5.0,98.5,146.94,28.9,24.0,2.06
,2024-12-02 22:11:38,5.0,332.71,433.99,22.9,43.0,2.06
,2024-12-03 03:11:38,5.0,108.65,184.08,18.9,63.0,3.09
,2024-12-03 08:11:38,5.0,131.02,197.68,22.9,53.0,3.09
,2024-12-03 13:11:38,4.0,70.53,122.86,28.9,26.0,3.09
,2024-12-03 18:11:38,4.0,71.75,118.88,25.9,34.0,2.06
,2024-12-03 23:11:38,5.0,105.99,168.39,22.9,46.0,5.14
,2024-12-04 04:11:38,4.0,73.84,117.79,20.9,52.0,3.09
,2024-12-04 09:11:38,5.0,101.0,171.77,24.9,44.0,5.66
,2024-12-04 14:11:38,4.0,66.5,105.15,29.9,26.0,6.69
,2024-12-04 19:11:38,5.0,101.06,163.52,22.9,43.0,4.63
,2024-12-05 00:11:38,5.0,190.3,279.41,17.9,59.0,2.06
,2024-12-05 05:11:38,5.0,163.65,235.29,14.9,67.0,3.09
,2024-12-05 10:11:38,5.0,467.92,608.25,25.9,31.0,2.06
,2024-12-05 15:11:38,3.0,47.43,80.11,28.9,30.0,4.12
,2024-12-05 20:11:38,5.0,96.78,149.37,21.9,60.0,1.03
,2024-12-06 01:11:38,5.0,231.9,298.78,17.9,82.0,2.57
,2024-12-06 06:11:38,5.0,210.37,264.81,15.9,88.0,2.06
,2024-12-06 11:11:38,5.0,263.72,352.5,26.9,34.0,2.06
,2024-12-06 16:11:38,5.0,139.66,201.42,27.9,42.0,4.12
,2024-12-06 21:11:38,5.0,179.36,243.05,18.9,45.0,1.54
,2024-12-07 02:11:38,5.0,180.41,246.2,15.9,72.0,2.57
,2024-12-07 07:11:38,5.0,104.66,161.72,13.9,77.0,1.54
,2024-12-07 12:11:38,4.0,54.74,84.69,27.9,24.0,4.12
,2024-12-07 17:11:38,4.0,64.25,103.41,26.9,14.0,1.54
,2024-12-07 22:11:38,5.0,270.58,332.36,18.9,32.0,2.06
,2024-12-08 03:11:38,2.0,15.53,37.52,12.9,47.0,2.57
,2024-12-08 08:11:38,3.0,47.26,75.78,14.9,36.0,1.54
,2024-12-08 13:11:38,3.0,29.9,55.29,28.9,6.0,1.03
,2024-12-08 18:11:38,3.0,29.66,74.0,23.2,12.0,5.83
,2024-12-08 23:11:38,4.0,58.78,115.87,16.9,31.0,1.54
,2024-12-09 04:11:38,4.0,72.64,125.65,10.9,43.0,2.06
,2024-12-09 09:11:38,5.0,273.36,374.44,19.9,13.0,3.6
,2024-12-09 14:11:38,5.0,142.9,236.99,26.9,8.0,3.09
,2024-12-09 19:11:38,5.0,315.46,424.01,18.9,30.0,1.54
,2024-12-10 00:11:38,5.0,129.78,196.87,13.9,30.0,2.06
,2024-12-10 05:11:38,4.0,67.06,107.61,9.9,37.0,2.06
,2024-12-10 10:11:38,5.0,130.58,215.35,21.9,20.0,3.6
,2024-12-10 15:11:38,3.0,49.4,89.45,25.9,12.0,4.63
,2024-12-10 20:11:38,5.0,383.52,502.75,15.9,31.0,1.54
,2024-12-11 01:11:38,5.0,171.78,259.82,11.9,43.0,0.0
,2024-12-11 06:11:38,5.0,136.74,199.64,8.9,57.0,2.06
,2024-12-11 11:11:38,5.0,108.7,172.98,23.9,20.0,2.57
,2024-12-11 16:11:38,5.0,89.56,141.29,25.9,19.0,4.12
,2024-12-11 21:11:38,5.0,324.25,424.87,18.9,45.0,2.06
,2024-12-12 02:11:38,5.0,94.6,144.45,13.9,41.0,3.09
,2024-12-12 07:11:38,5.0,156.77,215.95,11.9,35.0,1.54
,2024-12-12 12:11:38,5.0,83.69,143.78,23.9,15.0,3.09
,2024-12-12 17:11:38,3.0,41.67,86.52,23.9,13.0,2.06
,2024-12-12 22:11:38,5.0,83.78,132.02,14.9,29.0,3.09
,2024-12-13 03:11:38,3.0,36.12,66.55,11.9,28.0,3.09
,2024-12-13 08:11:38,4.0,74.01,126.44,15.9,27.0,2.57
,2024-12-13 13:11:38,4.0,66.34,123.01,23.9,13.0,7.2
,2024-12-13 18:11:38,5.0,77.37,148.29,19.9,19.0,3.09
,2024-12-13 23:11:38,5.0,121.14,190.44,16.9,29.0,3.09
,2024-12-14 04:11:38,5.0,94.17,142.99,13.9,30.0,3.09
,2024-12-14 09:11:38,5.0,124.61,200.32,18.9,24.0,4.63
,2024-12-14 14:11:38,4.0,69.09,112.71,24.9,13.0,4.63
,2024-12-14 19:11:38,5.0,120.81,191.63,16.9,25.0,3.09
,2024-12-15 00:11:38,5.0,115.33,173.81,12.9,38.0,1.54
,2024-12-15 05:11:38,5.0,109.53,151.94,9.9,43.0,0.0
,2024-12-15 10:11:38,5.0,188.56,256.57,21.9,16.0,2.06
,2024-12-15 15:11:38,5.0,77.93,110.66,26.9,11.0,2.06
,2024-12-15 20:11:38,5.0,283.39,339.59,15.9,51.0,2.06
,2024-12-16 01:11:38,5.0,223.83,302.57,12.9,44.0,2.57
,2024-12-16 06:11:38,5.0,165.43,218.79,9.9,46.0,2.57
,2024-12-16 11:11:38,5.0,146.55,205.82,23.9,16.0,2.06
,2024-12-16 16:11:38,5.0,89.47,137.62,27.9,10.0,1.54
,2024-12-16 21:11:38,5.0,571.58,731.27,15.9,55.0,2.57
,2024-12-17 02:11:38,5.0,192.21,269.55,12.9,50.0,2.57
,2024-12-17 07:11:38,5.0,249.58,317.98,10.9,50.0,2.06
,2024-12-17 12:11:38,5.0,224.56,343.23,25.9,14.0,4.12
,2024-12-17 17:11:38,5.0,268.57,387.73,23.9,19.0,3.09
,2024-12-17 22:11:38,5.0,93.7,175.15,17.9,27.0,3.09
,2024-12-18 03:11:38,3.0,45.68,88.95,13.9,35.0,3.09
,2024-12-18 08:11:38,5.0,103.69,163.37,16.9,29.0,4.12
,2024-12-18 13:11:38,4.0,52.38,85.53,25.9,12.0,1.54
,2024-12-18 18:11:38,5.0,171.75,232.19,19.9,21.0,2.06
,2024-12-18 23:11:38,5.0,178.53,251.9,12.9,35.0,0.0
,2024-12-19 04:11:38,5.0,109.57,146.87,10.9,40.0,2.06
,2024-12-19 09:11:38,5.0,259.3,336.42,19.9,26.0,2.06
,2024-12-19 14:11:38,4.0,55.67,94.13,25.9,17.0,2.57
,2024-12-19 19:11:38,4.0,65.79,109.23,18.9,32.0,1.54
,2024-12-20 00:11:38,5.0,176.63,237.23,13.9,35.0,3.09
,2024-12-20 05:11:38,5.0,136.02,167.88,10.9,43.0,3.09
,2024-12-20 10:11:38,5.0,153.93,206.13,20.9,23.0,1.54
,2024-12-20 15:11:38,4.0,60.06,87.12,24.9,13.0,5.14
,2024-12-20 20:11:38,5.0,150.21,193.09,16.9,22.0,3.09
,2024-12-21 01:11:38,5.0,106.04,134.26,13.9,26.0,1.54
,2024-12-21 06:11:38,5.0,118.92,148.88,8.9,49.0,3.09
,2024-12-21 11:11:38,4.0,74.52,100.05,20.9,18.0,5.14
,2024-12-21 16:11:38,3.0,47.38,69.01,24.9,13.0,3.6
,2024-12-21 21:11:38,5.0,129.58,173.63,13.9,33.0,2.06
,2024-12-22 02:11:38,5.0,99.24,128.16,14.9,33.0,2.57
,2024-12-22 07:11:38,5.0,154.97,195.99,10.9,43.0,0.0
,2024-12-22 12:11:38,4.0,69.27,95.05,23.9,25.0,2.06
,2024-12-22 17:11:38,3.0,30.18,52.7,22.9,33.0,3.6
,2024-12-22 22:11:38,5.0,151.16,196.94,16.9,55.0,3.09
,2024-12-23 03:11:38,5.0,218.67,280.36,12.9,54.0,2.06
,2024-12-23 08:11:38,5.0,265.53,348.94,13.9,51.0,1.54
,2024-12-23 13:11:38,5.0,230.38,305.55,24.9,33.0,0.0
,2024-12-23 18:11:38,5.0,117.7,174.47,20.9,49.0,3.09
,2024-12-23 23:11:38,5.0,278.19,378.61,14.9,44.0,2.06
,2024-12-24 04:11:38,5.0,81.6,107.83,12.9,38.0,4.12
,2024-12-24 09:11:38,5.0,148.25,197.41,16.9,48.0,5.14
,2024-12-24 14:11:38,5.0,76.09,95.44,22.9,31.0,8.23
,2024-12-24 19:11:38,5.0,121.69,146.04,17.9,39.0,5.14
,2024-12-25 00:11:38,5.0,131.3,160.54,14.9,44.0,2.06
,2024-12-25 05:11:38,5.0,134.02,164.78,13.9,38.0,2.06
,2024-12-25 10:11:38,5.0,149.98,192.84,18.9,32.0,3.09
,2024-12-25 15:11:38,5.0,78.36,99.74,23.9,19.0,8.23
,2024-12-25 20:11:38,5.0,126.98,158.08,17.9,32.0,4.12
,2024-12-26 01:11:38,5.0,118.59,147.37,10.9,58.0,3.09
,2024-12-26 06:11:38,5.0,134.17,171.92,12.9,44.0,2.06
,2024-12-26 11:11:38,5.0,124.97,153.04,20.9,26.0,3.6
,2024-12-26 16:11:38,4.0,64.62,81.34,23.9,15.0,5.14
,2024-12-26 21:11:38,5.0,128.36,164.0,15.9,36.0,3.09
,2024-12-27 02:11:38,5.0,112.87,141.76,13.9,35.0,2.57
,2024-12-27 07:11:38,5.0,199.07,240.54,11.9,40.0,1.54
,2024-12-27 12:11:38,5.0,188.33,238.63,23.9,15.0,2.06
,2024-12-27 17:11:38,5.0,189.27,244.78,21.9,33.0,3.6
,2024-12-27 22:11:38,5.0,487.5,622.34,14.9,41.0,2.06
,2024-12-28 03:11:38,5.0,98.61,132.98,9.9,34.0,2.57
,2024-12-28 08:11:38,5.0,213.69,274.25,10.9,35.0,2.57
,2024-12-28 13:11:38,5.0,175.74,226.05,24.9,16.0,1.54
,2024-12-28 18:11:38,4.0,55.12,97.24,19.9,42.0,2.06
,2024-12-28 23:11:38,5.0,199.52,255.73,13.9,62.0,2.57
,2024-12-29 04:11:38,5.0,116.49,174.51,9.9,62.0,3.6
,2024-12-29 09:11:38,5.0,226.39,321.41,16.9,31.0,2.57
,2024-12-29 14:11:38,4.0,52.62,95.36,24.9,13.0,3.09
,2024-12-29 19:11:38,5.0,81.5,138.8,16.9,27.0,5.14
,2024-12-30 00:11:38,5.0,80.32,131.91,14.9,31.0,2.57
,2024-12-30 05:11:38,4.0,73.25,125.78,11.9,35.0,2.06
,2024-12-30 10:11:38,5.0,136.1,227.39,20.9,28.0,4.12
,2024-12-30 15:11:38,5.0,86.02,135.62,25.9,14.0,2.06
,2024-12-30 20:11:38,5.0,318.38,414.81,17.9,45.0,1.54
,2024-12-31 01:11:38,5.0,203.83,297.45,13.9,44.0,3.09
,2024-12-31 06:11:38,5.0,162.01,220.94,9.9,62.0,2.06
,2024-12-31 11:11:38,5.0,152.22,215.56,23.9,22.0,5.14
,2024-12-31 16:11:38,5.0,189.7,268.42,25.9,14.0,2.06
,2024-12-31 21:11:38,5.0,529.25,663.85,16.9,34.0,2.57
,2025-01-01 02:11:38,5.0,130.58,190.21,12.9,47.0,1.54
,2025-01-01 07:11:38,5.0,158.69,214.13,12.9,50.0,3.09
,2025-01-01 12:11:38,5.0,149.43,226.28,23.9,25.0,4.12
,2025-01-01 17:11:38,5.0,133.4,215.62,24.9,20.0,2.06
,2025-01-01 22:11:38,5.0,203.57,312.09,16.9,36.0,3.09
,2025-01-02 03:11:38,5.0,154.01,211.54,12.9,62.0,1.54
,2025-01-02 08:11:38,5.0,263.07,343.19,14.9,55.0,1.54
,2025-01-02 13:11:38,5.0,212.91,299.07,24.9,20.0,2.06
,2025-01-02 18:11:38,5.0,477.05,599.69,20.9,32.0,2.06
,2025-01-02 23:11:38,5.0,724.47,857.26,14.9,55.0,2.06
,2025-01-03 04:11:38,5.0,219.11,313.66,11.9,58.0,2.06
,2025-01-03 09:11:38,5.0,452.7,581.24,16.9,55.0,2.57
,2025-01-03 14:11:38,5.0,221.1,278.78,25.9,34.0,1.54
,2025-01-03 19:11:38,5.0,117.6,149.55,22.9,46.0,3.09
,2025-01-04 00:11:38,5.0,147.55,185.93,14.9,77.0,2.57
,2025-01-04 05:11:38,3.0,30.48,47.55,17.9,72.0,2.06
,2025-01-04 10:11:38,5.0,95.6,138.29,21.9,35.0,3.09
,2025-01-04 15:11:38,3.0,12.38,23.24,23.4,28.0,6.26
,2025-01-04 20:11:38,3.0,27.8,45.4,19.9,37.0,1.54
,2025-01-05 01:11:38,5.0,75.49,100.48,13.9,51.0,1.03
,2025-01-05 06:11:38,5.0,112.18,150.63,11.9,66.0,3.09
,2025-01-05 11:11:38,5.0,115.87,161.57,22.9,27.0,2.06
,2025-01-05 16:11:38,4.0,44.45,66.53,23.9,23.0,4.12
,2025-01-05 21:11:38,5.0,144.03,178.93,14.9,47.0,0.0
,2025-01-06 02:11:38,5.0,98.64,141.3,9.9,66.0,1.54
,2025-01-06 12:11:38,5.0,77.79,114.02,23.65,14.0,1.66
,2025-01-06 17:11:38,4.0,51.09,79.01,24.9,11.0,2.06
,2025-01-06 22:11:38,5.0,122.36,177.33,14.9,29.0,2.06
,2025-01-07 03:11:38,3.0,42.45,66.23,8.9,46.0,3.09
,2025-01-07 08:11:38,5.0,168.2,220.38,12.9,26.0,3.09
,2025-01-07 13:11:38,4.0,48.46,77.57,24.9,12.0,3.09
,2025-01-07 18:11:38,5.0,141.24,193.63,20.9,17.0,2.57
,2025-01-07 23:11:38,5.0,234.08,328.16,9.9,43.0,1.03
,2025-01-08 04:11:38,5.0,139.06,188.9,7.9,49.0,2.57
,2025-01-08 09:11:38,5.0,468.73,576.31,15.9,29.0,1.03
,2025-01-08 14:11:38,5.0,487.92,608.7,25.9,13.0,1.54
,2025-01-08 19:11:38,4.0,71.2,103.14,17.9,48.0,2.06
,2025-01-09 00:11:38,5.0,254.6,300.09,11.9,62.0,2.57
,2025-01-09 05:11:38,5.0,194.5,244.21,9.9,71.0,4.12
,2025-01-09 10:11:38,5.0,394.93,537.95,21.9,28.0,3.09
,2025-01-09 15:11:38,5.0,219.15,312.31,25.9,17.0,3.6
,2025-01-09 20:11:38,5.0,380.53,505.39,15.9,41.0,3.09
,2025-01-10 01:11:38,5.0,388.58,482.66,14.9,41.0,2.57
,2025-01-10 06:11:38,5.0,248.07,301.64,13.9,44.0,2.57
,2025-01-10 11:11:38,5.0,244.35,309.09,24.9,22.0,3.09
,2025-01-10 16:11:38,5.0,91.11,128.77,25.9,19.0,2.57
,2025-01-10 21:11:38,5.0,239.09,290.56,17.9,36.0,1.54
,2025-01-11 02:11:38,5.0,218.15,307.61,12.9,54.0,2.06
,2025-01-11 07:11:38,5.0,276.05,359.19,11.9,54.0,2.57
,2025-01-11 12:11:38,5.0,163.48,224.77,25.9,18.0,2.06
,2025-01-11 17:11:38,4.0,67.54,150.77,22.9,43.0,3.09
,2025-01-11 22:11:38,5.0,336.51,416.96,14.9,72.0,3.09
,2025-01-12 03:11:38,5.0,119.51,166.56,9.9,62.0,2.06
,2025-01-12 08:11:38,5.0,284.6,358.67,13.9,35.0,2.06
,2025-01-12 13:11:38,5.0,80.29,120.59,24.9,19.0,2.06
,2025-01-12 18:11:38,5.0,84.16,125.27,22.9,20.0,4.63
,2025-01-12 23:11:38,5.0,124.99,165.41,12.9,50.0,2.57
,2025-01-13 04:11:38,5.0,132.22,173.28,13.9,51.0,2.06
,2025-01-13 09:11:38,5.0,175.24,225.09,15.9,48.0,3.09
,2025-01-13 14:11:38,5.0,79.35,109.28,23.9,25.0,6.17
,2025-01-13 19:11:38,5.0,98.37,134.59,17.9,39.0,2.06
,2025-01-14 00:11:38,5.0,109.0,142.54,13.9,62.0,2.06
,2025-01-14 05:11:38,5.0,90.95,124.84,8.9,76.0,2.06
,2025-01-14 10:11:38,5.0,161.12,244.02,17.9,52.0,4.12
,2025-01-14 15:11:38,5.0,90.88,125.93,24.9,33.0,2.06
,2025-01-14 20:11:38,5.0,161.91,199.69,16.9,59.0,1.54
,2025-01-15 01:11:38,5.0,157.71,225.72,13.9,62.0,3.09
,2025-01-15 06:11:38,5.0,138.61,195.9,10.9,71.0,3.09
,2025-01-15 11:11:38,5.0,125.75,185.85,22.9,31.0,3.09
,2025-01-15 16:11:38,4.0,57.75,92.95,24.9,31.0,2.06
,2025-01-15 21:11:38,5.0,344.58,418.29,16.9,59.0,1.54
,2025-01-16 02:11:38,5.0,166.58,226.93,14.9,55.0,3.09
,2025-01-16 07:11:38,5.0,281.58,358.43,11.9,66.0,2.57
,2025-01-16 12:11:38,5.0,350.1,433.49,24.9,22.0,4.63
,2025-01-16 17:11:38,5.0,128.76,183.22,21.9,35.0,1.54
,2025-01-16 22:11:38,5.0,583.17,703.26,14.9,55.0,1.54
,2025-01-17 03:11:38,5.0,172.02,230.95,13.9,47.0,2.06
,2025-01-17 08:11:38,5.0,221.99,284.42,16.9,34.0,2.57
,2025-01-17 13:11:38,3.0,36.59,70.72,23.9,22.0,8.23
,2025-01-17 18:11:38,3.0,47.15,89.89,20.9,23.0,4.12
,2025-01-17 23:11:38,5.0,96.04,163.82,16.9,39.0,4.12
,2025-01-18 04:11:38,5.0,94.2,150.52,14.9,51.0,5.66
,2025-01-18 09:11:38,5.0,112.25,168.97,18.9,37.0,4.12
,2025-01-18 14:11:38,5.0,82.47,119.4,24.9,20.0,4.12
,2025-01-18 19:11:38,5.0,113.94,161.69,18.9,30.0,3.09
,2025-01-19 00:11:38,5.0,119.18,160.19,14.9,41.0,2.06
,2025-01-19 05:11:38,5.0,114.17,145.4,10.9,50.0,2.06
,2025-01-19 10:11:38,5.0,173.73,234.52,21.9,28.0,4.12
,2025-01-19 15:11:38,5.0,184.9,236.84,25.9,15.0,4.12
,2025-01-19 20:11:38,5.0,181.18,238.48,18.9,30.0,2.06
,2025-01-20 01:11:38,5.0,143.7,195.89,16.9,34.0,2.06
,2025-01-20 06:11:38,5.0,165.83,211.37,17.2,29.0,3.89
,2025-01-20 11:11:38,5.0,151.81,193.87,23.9,23.0,4.63
,2025-01-20 16:11:38,5.0,297.34,365.24,26.9,16.0,2.06
,2025-01-20 21:11:38,5.0,465.5,548.55,17.9,34.0,2.06
,2025-01-21 02:11:38,5.0,293.47,357.53,12.9,47.0,1.54
,2025-01-21 07:11:38,5.0,351.27,409.06,11.9,58.0,2.06
,2025-01-21 12:11:38,5.0,598.55,699.72,24.9,31.0,2.57
,2025-01-21 17:11:38,5.0,193.07,232.67,22.9,49.0,3.09
,2025-01-21 22:11:38,5.0,86.55,113.76,18.9,72.0,0.0
,2025-01-22 03:11:38,4.0,56.13,73.78,14.9,82.0,2.06
,2025-01-22 08:11:38,5.0,299.41,356.46,15.9,88.0,0.0
,2025-01-22 13:11:38,4.0,50.4,81.58,24.43,37.0,1.73
,2025-01-22 18:11:38,3.0,36.53,62.96,23.9,35.0,1.54
,2025-01-22 23:11:38,5.0,139.97,183.87,17.9,42.0,0.0
,2025-01-23 04:11:38,5.0,126.59,172.23,14.9,47.0,1.54
,2025-01-23 09:11:38,5.0,261.19,321.61,20.9,23.0,2.57
,2025-01-23 14:11:38,3.0,35.88,56.62,25.9,13.0,5.14
,2025-01-23 19:11:38,4.0,71.93,106.08,20.9,13.0,2.57
,2025-01-24 00:11:38,3.0,44.57,69.04,17.9,22.0,3.6
,2025-01-24 05:11:38,3.0,39.86,60.61,9.9,43.0,2.06
,2025-01-24 10:11:38,5.0,157.32,207.75,21.9,18.0,2.06
,2025-01-24 15:11:38,3.0,47.14,71.4,25.9,11.0,6.69
,2025-01-24 20:11:38,5.0,113.06,159.67,17.9,24.0,5.02
,2025-01-25 01:11:38,4.0,56.83,82.93,16.9,23.0,2.57
,2025-01-25 06:11:38,4.0,58.48,82.84,12.9,28.0,2.57
,2025-01-25 11:11:38,3.0,46.24,80.12,25.9,12.0,3.6
,2025-01-25 16:11:38,5.0,136.22,181.99,27.9,9.0,2.06
,2025-01-25 21:11:38,5.0,368.24,449.5,17.9,39.0,1.54
,2025-01-26 02:11:38,5.0,139.11,202.7,11.9,58.0,1.54
,2025-01-26 07:11:38,5.0,200.9,264.95,8.9,57.0,3.09
,2025-01-26 12:11:38,5.0,470.25,546.9,26.9,13.0,2.57
,2025-01-26 17:11:38,5.0,91.48,133.62,24.9,27.0,3.09
,2025-01-26 22:11:38,5.0,162.54,220.03,15.9,59.0,0.0
,2025-01-27 03:11:38,5.0,102.8,147.77,10.9,76.0,2.57
,2025-01-27 08:11:38,5.0,406.41,500.13,12.9,62.0,0.0
,2025-01-27 13:11:38,5.0,800.31,905.66,28.9,12.0,3.09
,2025-01-27 18:11:38,4.0,70.58,130.04,23.9,41.0,3.6
,2025-01-27 23:11:38,5.0,351.42,439.34,14.9,72.0,1.54
,2025-01-28 04:11:38,5.0,126.69,184.06,12.9,67.0,0.0
,2025-01-28 09:11:38,5.0,392.36,493.15,18.9,34.0,0.0
,2025-01-28 14:11:38,5.0,121.38,181.59,27.9,21.0,6.17
,2025-01-28 19:11:38,4.0,50.39,104.03,20.9,60.0,2.57
,2025-01-29 00:11:38,3.0,32.76,62.6,18.9,82.0,2.06
,2025-01-29 05:11:38,4.0,49.41,112.66,15.9,88.0,0.0
,2025-01-29 10:11:38,5.0,95.34,154.85,24.9,53.0,3.09
,2025-01-29 15:11:38,3.0,37.98,91.43,27.9,42.0,6.17
,2025-01-29 20:11:38,4.0,51.38,149.66,19.9,77.0,3.09
,2025-01-30 01:11:38,4.0,55.74,122.01,18.9,88.0,1.54
,2025-01-30 06:11:38,5.0,100.83,192.46,12.9,82.0,1.54
,2025-01-30 11:11:38,5.0,194.55,271.06,26.9,13.0,2.06
,2025-01-30 16:11:38,3.0,33.51,87.96,25.9,22.0,4.63
,2025-01-30 21:11:38,3.0,30.31,78.27,17.9,39.0,3.09
,2025-01-31 02:11:38,3.0,25.15,69.71,18.9,37.0,1.54
,2025-01-31 07:11:38,3.0,44.79,87.8,12.9,58.0,3.09
,2025-01-31 12:11:38,3.0,25.57,54.72,24.9,14.0,2.06
,2025-01-31 17:11:38,3.0,18.28,48.35,22.9,18.0,4.63
,2025-01-31 22:11:38,4.0,39.29,118.99,16.9,36.0,2.06
,2025-02-01 03:11:38,3.0,35.29,83.52,12.9,50.0,2.06
,2025-02-01 08:11:38,5.0,186.3,257.24,14.9,44.0,1.54
,2025-02-01 13:11:38,5.0,186.9,273.66,25.9,13.0,2.57
,2025-02-01 18:11:38,5.0,89.21,148.89,20.9,32.0,2.06
,2025-02-01 23:11:38,5.0,136.64,190.72,15.9,31.0,1.54
,2025-02-02 04:11:38,4.0,55.32,89.45,12.9,26.0,1.54
,2025-02-02 09:11:38,5.0,150.37,210.91,22.9,20.0,5.66
,2025-02-02 14:11:38,4.0,63.75,101.84,26.9,13.0,4.63
,2025-02-02 19:11:38,5.0,96.82,141.31,20.9,21.0,4.63
,2025-02-03 00:11:38,4.0,71.39,111.69,17.9,25.0,1.54
,2025-02-03 05:11:38,4.0,64.63,95.62,14.9,33.0,2.57
,2025-02-03 10:11:38,5.0,235.28,305.84,22.9,20.0,5.14
,2025-02-03 15:11:38,4.0,49.88,86.07,24.9,20.0,4.12
,2025-02-03 20:11:38,3.0,47.38,77.76,19.9,52.0,3.09
,2025-02-04 01:11:38,3.0,24.16,48.55,14.9,72.0,2.06
,2025-02-04 06:11:38,3.0,19.99,30.56,12.9,82.0,3.09
,2025-02-04 11:11:38,3.0,15.95,34.27,24.9,29.0,3.09
,2025-02-04 16:11:38,3.0,20.62,61.98,24.9,23.0,5.14
,2025-02-04 21:11:38,4.0,55.53,109.26,19.9,45.0,3.09
,2025-02-05 02:11:38,3.0,34.86,76.65,13.9,58.0,1.54
,2025-02-05 07:11:38,5.0,177.88,247.33,10.9,62.0,0.0
,2025-02-05 12:11:38,5.0,452.64,544.45,25.9,15.0,2.06
,2025-02-05 17:11:38,4.0,53.84,101.05,23.9,23.0,4.12
,2025-02-05 22:11:38,5.0,266.74,337.71,16.9,42.0,2.57
,2025-02-06 03:11:38,5.0,106.29,166.65,11.9,54.0,2.57
,2025-02-06 08:11:38,5.0,248.28,347.97,13.9,41.0,3.09
,2025-02-06 13:11:38,4.0,74.99,125.53,26.9,26.0,4.63
,2025-02-06 18:11:38,4.0,70.57,125.55,22.9,14.0,3.09
,2025-02-06 23:11:38,5.0,75.71,137.2,18.9,22.0,1.54
,2025-02-07 04:11:38,3.0,42.19,77.13,16.9,22.0,3.09
,2025-02-07 09:11:38,5.0,95.36,149.86,21.9,18.0,5.14
,2025-02-07 14:11:38,4.0,74.28,144.63,27.9,9.0,4.63
,2025-02-07 19:11:38,5.0,125.44,206.74,22.9,15.0,2.06
,2025-02-08 00:11:38,5.0,117.34,189.79,16.9,23.0,2.06
,2025-02-08 05:11:38,5.0,100.34,150.55,11.9,37.0,2.06
,2025-02-08 10:11:38,5.0,180.79,266.5,24.9,15.0,5.14
,2025-02-08 15:11:38,5.0,204.04,307.05,27.9,12.0,3.09
,2025-02-08 20:11:38,5.0,254.03,320.21,20.9,30.0,3.09
,2025-02-09 01:11:38,5.0,195.54,247.36,12.9,58.0,2.06
,2025-02-09 06:11:38,5.0,163.88,204.91,10.9,54.0,2.57
,2025-02-09 11:11:38,5.0,495.0,571.86,26.9,19.0,0.0
,2025-02-09 16:11:38,5.0,147.68,190.53,27.9,15.0,4.12
,2025-02-09 21:11:38,5.0,82.59,112.9,17.9,45.0,0.0
,2025-02-10 02:11:38,5.0,78.58,102.31,14.9,63.0,1.03
,2025-02-10 07:11:38,5.0,131.38,167.26,14.9,77.0,2.57
,2025-02-10 12:11:38,5.0,77.53,99.47,26.9,36.0,5.14
,2025-02-10 17:11:38,5.0,99.1,125.61,24.9,44.0,5.14
,2025-02-10 22:11:38,5.0,75.44,105.96,20.9,83.0,3.09
,2025-02-11 03:11:38,3.0,38.35,56.71,20.9,88.0,2.57
,2025-02-11 08:11:38,3.0,43.28,69.3,22.9,78.0,2.57
,2025-02-11 13:11:38,3.0,43.36,81.43,28.9,39.0,5.14
,2025-02-11 18:11:38,3.0,40.78,98.53,24.9,57.0,3.6
,2025-02-11 23:11:38,5.0,76.58,156.69,20.9,83.0,1.54
,2025-02-12 04:11:38,5.0,141.36,219.46,16.9,82.0,1.54
,2025-02-12 09:11:38,5.0,344.67,464.6,21.9,46.0,2.57
,2025-02-12 14:11:38,5.0,692.76,852.05,30.9,16.0,3.6
,2025-02-12 19:11:38,5.0,215.33,297.15,24.9,41.0,1.54
,2025-02-13 00:11:38,5.0,434.98,521.25,19.9,52.0,1.54
,2025-02-13 05:11:38,5.0,225.7,311.43,16.9,48.0,1.03
,2025-02-13 10:11:38,5.0,594.48,748.86,26.9,26.0,0.0
,2025-02-13 15:11:38,5.0,318.19,401.69,29.9,25.0,4.12
,2025-02-13 20:11:38,5.0,225.62,304.86,21.9,46.0,3.09
,2025-02-14 01:11:38,3.0,30.22,63.71,20.9,78.0,2.06
,2025-02-14 06:11:38,4.0,41.01,101.56,17.9,88.0,1.03
,2025-02-14 11:11:38,4.0,57.58,117.66,28.9,32.0,4.12
,2025-02-14 16:11:38,3.0,39.58,93.1,30.9,29.0,5.66
,2025-02-14 21:11:38,3.0,34.77,77.29,22.9,68.0,3.09
,2025-02-15 02:11:38,3.0,23.95,57.09,21.9,73.0,2.57
,2025-02-15 07:11:38,3.0,25.84,57.61,22.9,78.0,3.09
,2025-02-15 12:11:38,3.0,39.56,90.26,30.9,33.0,2.57
,2025-02-15 17:11:38,3.0,34.1,90.99,26.9,54.0,5.14
,2025-02-15 22:11:38,3.0,37.31,93.68,21.9,88.0,3.09
,2025-02-16 03:11:38,3.0,29.31,61.92,20.9,88.0,2.06
,2025-02-16 08:11:38,3.0,39.68,77.77,19.9,94.0,1.54
,2025-02-16 13:11:38,3.0,42.3,83.83,30.9,40.0,3.6
,2025-02-16 18:11:38,3.0,22.94,52.2,25.9,61.0,4.12
,2025-02-16 23:11:38,2.0,21.12,45.49,21.9,83.0,1.54
,2025-02-17 04:11:38,4.0,50.41,77.14,18.9,88.0,0.0
,2025-02-17 09:11:38,5.0,338.18,435.39,22.9,60.0,1.54
,2025-02-17 14:11:38,5.0,776.46,871.77,32.9,21.0,3.6
,2025-02-17 19:11:38,5.0,95.27,160.1,26.9,39.0,1.54
,2025-02-18 00:11:38,4.0,67.37,114.47,22.9,49.0,1.54
,2025-02-18 05:11:38,3.0,47.61,83.33,20.9,60.0,0.0
,2025-02-18 10:11:38,5.0,93.76,139.15,27.81,43.0,3.99
,2025-02-18 15:11:38,3.0,23.16,58.83,31.9,19.0,4.12
,2025-02-18 20:11:38,3.0,26.88,51.39,24.9,47.0,3.09
,2025-02-19 01:11:38,3.0,18.34,51.26,22.9,60.0,2.06
,2025-02-19 06:11:38,3.0,33.94,60.7,21.9,83.0,2.06
,2025-02-19 11:11:38,3.0,31.69,60.36,29.9,39.0,4.63
,2025-02-19 16:11:38,3.0,28.92,54.54,29.9,35.0,8.23
,2025-02-19 21:11:38,3.0,25.41,50.31,24.9,57.0,5.14
,2025-02-20 02:11:38,2.0,24.98,47.36,23.9,60.0,4.12
,2025-02-20 07:11:38,5.0,114.52,156.86,18.9,77.0,1.54
,2025-02-20 12:11:38,5.0,230.5,319.86,29.9,30.0,2.57
,2025-02-20 17:11:38,3.0,39.22,78.55,28.9,37.0,5.66
,2025-02-20 22:11:38,4.0,51.07,100.27,22.9,53.0,1.54
,2025-02-21 03:11:38,3.0,43.64,91.07,19.9,60.0,2.06
,2025-02-21 08:11:38,5.0,303.94,392.21,20.9,32.0,3.09
,2025-02-21 13:11:38,5.0,649.05,821.76,28.9,23.0,3.6
,2025-02-21 18:11:38,5.0,411.59,527.28,21.9,33.0,1.54
,2025-02-21 23:11:38,4.0,71.69,126.02,20.9,35.0,1.54
,2025-02-22 04:11:38,5.0,102.83,156.2,17.9,45.0,2.06
,2025-02-22 09:11:38,5.0,173.46,234.48,21.9,46.0,3.09
,2025-02-22 14:11:38,5.0,458.4,555.24,29.9,20.0,2.57
,2025-02-22 19:11:38,5.0,113.35,156.47,24.9,33.0,3.09
,2025-02-23 00:11:38,5.0,130.88,175.64,20.9,60.0,2.06
,2025-02-23 05:11:38,5.0,212.17,254.04,20.9,68.0,1.54
,2025-02-23 10:11:38,5.0,262.19,310.68,25.9,50.0,2.06
,2025-02-23 15:11:38,3.0,29.59,48.17,27.9,47.0,6.17
,2025-02-23 20:11:38,3.0,31.3,48.98,22.9,73.0,3.09
,2025-02-24 01:11:38,4.0,51.61,71.81,21.9,83.0,2.06
,2025-02-24 06:11:38,4.0,62.46,77.8,18.9,88.0,3.09
,2025-02-24 11:11:38,5.0,233.92,285.71,29.9,28.0,6.69
,2025-02-24 16:11:38,4.0,50.22,82.18,29.9,37.0,4.12
,2025-02-24 21:11:38,4.0,65.47,98.4,23.9,60.0,2.06
,2025-02-25 02:11:38,5.0,92.65,116.89,19.9,83.0,1.54
,2025-02-25 07:11:38,5.0,147.86,188.11,20.9,78.0,2.06
,2025-02-25 12:11:38,5.0,859.42,981.04,29.9,28.0,3.09
,2025-02-25 17:11:38,5.0,102.33,139.07,25.56,52.0,3.81
,2025-02-25 22:11:38,4.0,72.35,105.78,24.9,53.0,2.57
,2025-02-26 03:11:38,3.0,46.03,67.18,20.9,73.0,1.03
,2025-02-26 08:11:38,5.0,193.38,232.74,21.9,83.0,0.0
,2025-02-26 13:11:38,4.0,72.46,94.85,29.9,39.0,2.57
,2025-02-26 18:11:38,3.0,47.07,67.89,26.9,32.0,3.09
,2025-02-26 23:11:38,4.0,56.9,78.07,22.99,69.0,4.25
,2025-02-27 04:11:38,2.0,22.86,33.72,20.9,73.0,1.54
,2025-02-27 09:11:38,3.0,29.9,50.72,23.9,83.0,2.57
,2025-02-27 14:11:38,2.0,24.89,49.03,28.9,51.0,6.17
,2025-02-27 19:11:38,3.0,23.34,52.07,24.9,73.0,5.14
,2025-02-28 00:11:38,2.0,15.36,46.97,23.9,64.0,4.12
,2025-02-28 05:11:38,3.0,16.73,63.05,21.9,78.0,2.57
,2025-02-28 10:11:38,3.0,21.61,68.12,25.9,61.0,6.17
,2025-02-28 15:11:38,3.0,21.99,58.93,27.9,47.0,10.29
,2025-02-28 20:11:38,2.0,17.74,41.7,23.9,60.0,6.17
,2025-03-01 01:11:38,3.0,15.56,40.54,23.9,64.0,5.14
,2025-03-01 06:11:38,3.0,24.97,67.26,21.9,73.0,1.54
,2025-03-01 11:11:38,3.0,30.51,77.31,27.9,42.0,2.06
,2025-03-01 16:11:38,3.0,24.01,66.51,27.9,44.0,5.66
,2025-03-01 21:11:38,3.0,19.01,53.56,22.9,64.0,3.09
,2025-03-02 02:11:38,3.0,26.2,57.18,20.9,60.0,1.54
,2025-03-02 07:11:38,5.0,89.48,128.6,16.9,82.0,1.54
,2025-03-02 12:11:38,5.0,157.22,214.59,28.9,30.0,1.03
,2025-03-02 22:11:38,3.0,19.4,50.9,22.9,68.0,5.66
,2025-03-03 03:11:38,3.0,20.41,89.41,22.9,73.0,2.57
,2025-03-03 08:11:38,4.0,36.59,124.5,24.9,69.0,5.66
,2025-03-03 13:11:38,4.0,40.66,136.72,28.9,30.0,10.29
,2025-03-03 18:11:38,4.0,44.42,150.19,25.9,53.0,5.14
,2025-03-03 23:11:38,4.0,47.85,149.8,22.9,68.0,2.06
,2025-03-04 04:11:38,4.0,46.91,102.3,21.9,21.0,1.54
,2025-03-04 09:11:38,5.0,84.12,139.22,23.9,12.0,4.12
,2025-03-04 14:11:38,5.0,119.74,159.37,30.9,6.0,3.09
,2025-03-04 19:11:38,5.0,160.71,212.0,24.9,6.0,4.63
,2025-03-05 00:11:38,4.0,59.84,103.41,17.9,13.0,2.06
,2025-03-07 07:11:38,5.0,185.24,246.77,17.9,88.0,0.0
,2025-03-07 12:11:38,5.0,671.18,761.0,34.9,12.0,2.06
,2025-03-07 17:11:38,3.0,33.09,83.01,34.9,13.0,6.17
,2025-03-07 22:11:38,3.0,47.78,94.33,26.9,26.0,1.54
,2025-03-08 03:11:38,3.0,28.54,66.13,19.9,49.0,2.06
,2025-03-08 08:11:38,5.0,92.8,146.49,25.9,22.0,2.06
,2025-03-08 13:11:38,3.0,34.01,62.5,36.9,10.0,3.6
,2025-03-08 18:11:38,3.0,31.51,76.37,32.9,15.0,5.14
,2025-03-08 23:11:38,3.0,39.48,72.94,23.9,35.0,2.06
,2025-03-09 04:11:38,3.0,48.42,73.04,20.9,43.0,1.54
,2025-03-09 09:11:38,5.0,198.47,265.53,28.9,28.0,1.03
,2025-03-09 14:11:38,5.0,574.12,637.85,35.9,21.0,4.12
,2025-03-09 19:11:38,3.0,41.14,78.58,28.9,45.0,2.06
,2025-03-10 00:11:38,4.0,51.69,87.07,23.9,60.0,2.06
,2025-03-10 05:11:38,4.0,50.52,88.56,20.9,73.0,2.57
,2025-03-10 10:11:38,5.0,133.11,174.6,31.9,27.0,1.54
,2025-03-10 15:11:38,3.0,34.92,69.1,37.9,13.0,3.09
,2025-03-10 20:11:38,3.0,45.95,76.98,28.9,20.0,2.06
,2025-03-11 01:11:38,3.0,42.44,68.23,19.9,40.0,0.0
,2025-03-11 06:11:38,4.0,55.0,82.23,17.9,42.0,2.06
,2025-03-11 11:11:38,5.0,611.21,693.69,35.9,16.0,3.09
,2025-03-11 16:11:38,3.0,43.11,80.65,35.9,15.0,6.17
,2025-03-11 21:11:38,3.0,40.23,71.8,25.9,50.0,2.57
,2025-03-12 02:11:38,3.0,27.39,51.18,21.9,60.0,1.03
,2025-03-12 07:11:38,3.0,40.26,64.13,20.9,88.0,1.54
,2025-03-12 12:11:38,3.0,31.03,57.84,33.9,31.0,4.12
,2025-03-12 17:11:38,3.0,28.83,61.46,31.9,33.0,6.69
,2025-03-12 22:11:38,3.0,30.18,66.24,24.9,73.0,2.57
,2025-03-13 03:11:38,2.0,23.97,47.55,23.9,83.0,2.57
,2025-03-13 08:11:38,3.0,34.13,65.57,25.9,78.0,2.57
,2025-03-13 13:11:38,3.0,32.46,71.41,35.9,23.0,4.12
,2025-03-13 18:11:38,3.0,26.83,64.45,28.9,58.0,6.17
,2025-03-13 23:11:38,3.0,27.21,63.39,25.25,75.0,5.18
,2025-03-14 04:11:38,3.0,31.7,65.81,25.02,67.0,5.7
,2025-03-14 09:11:38,3.0,27.83,71.29,28.74,48.0,6.83
,2025-03-14 14:11:38,3.0,23.28,67.42,30.71,37.0,8.56
,2025-03-14 19:11:38,3.0,20.6,65.3,26.9,54.0,6.17
,2025-03-15 00:11:38,3.0,22.04,68.92,23.9,69.0,2.06
,2025-03-15 05:11:38,3.0,25.75,59.77,21.9,83.0,2.06
,2025-03-15 10:11:38,5.0,107.63,160.71,29.9,30.0,4.12
,2025-03-15 15:11:38,4.0,25.95,81.89,31.9,31.0,4.12
,2025-03-15 20:11:38,3.0,28.21,89.87,25.9,50.0,3.6
,2025-03-16 01:11:38,3.0,19.37,64.38,23.9,57.0,0.0
,2025-03-16 06:11:38,4.0,33.67,108.73,19.9,77.0,0.0
,2025-03-16 11:11:38,4.0,56.19,135.23,30.9,20.0,2.57
,2025-03-16 16:11:38,4.0,37.42,110.11,30.9,16.0,5.66
,2025-03-16 21:11:38,4.0,43.41,116.57,23.9,33.0,0.0
,2025-03-17 02:11:38,4.0,42.95,106.34,19.9,49.0,1.54
,2025-03-17 07:11:38,5.0,113.54,184.02,20.9,46.0,1.54
,2025-03-17 12:11:38,4.0,71.11,152.66,32.9,19.0,4.12
,2025-03-17 17:11:38,4.0,32.32,100.39,31.9,10.0,6.17
,2025-03-17 22:11:38,3.0,35.98,90.97,22.9,28.0,2.06
,2025-03-18 03:11:38,3.0,37.77,88.7,21.9,64.0,3.09
,2025-03-18 08:11:38,5.0,150.1,225.57,24.9,50.0,1.54
,2025-03-18 13:11:38,3.0,20.56,59.8,33.9,10.0,3.6
,2025-03-18 18:11:38,2.0,13.53,35.26,26.9,44.0,5.14
,2025-03-18 23:11:38,3.0,22.66,56.98,22.9,56.0,1.54
,2025-03-19 04:11:38,2.0,13.21,36.42,21.9,78.0,3.6
,2025-03-19 09:11:38,3.0,20.31,54.64,27.9,47.0,6.17
,2025-03-19 14:11:38,3.0,14.68,40.35,32.9,24.0,7.2
,2025-03-19 19:11:38,3.0,22.55,57.55,25.9,53.0,4.63
,2025-03-20 00:11:38,3.0,25.63,64.96,23.9,78.0,4.63
,2025-03-20 05:11:38,3.0,22.91,58.63,22.9,83.0,2.57
,2025-03-20 10:11:38,3.0,27.18,58.53,28.9,42.0,2.57
,2025-03-20 15:11:38,3.0,24.06,52.41,31.9,35.0,6.69
,2025-03-20 20:11:38,3.0,25.84,60.33,26.9,50.0,4.12
,2025-03-21 01:11:38,3.0,22.6,53.24,24.9,73.0,2.06
,2025-03-21 06:11:38,5.0,89.86,128.45,19.9,83.0,2.57
,2025-03-21 11:11:38,5.0,313.8,381.17,33.9,18.0,2.06
,2025-03-21 16:11:38,3.0,34.45,85.97,33.9,17.0,6.69
,2025-03-21 21:11:38,3.0,35.48,74.55,26.9,39.0,1.54
,2025-03-22 02:11:38,3.0,27.44,57.03,22.9,73.0,2.06
,2025-03-22 07:11:38,2.0,24.32,48.57,23.9,88.0,0.0
,2025-03-22 12:11:38,3.0,30.05,64.22,32.9,40.0,7.72
,2025-03-22 17:11:38,3.0,19.18,52.22,30.9,45.0,5.14
,2025-03-22 22:11:38,3.0,21.58,51.54,24.9,61.0,3.09
,2025-03-23 03:11:38,2.0,16.15,40.88,21.9,83.0,1.54
,2025-03-23 08:11:38,2.0,24.13,49.98,25.9,73.0,2.57
,2025-03-23 13:11:38,3.0,25.06,55.73,36.9,9.0,4.12
,2025-03-23 18:11:38,3.0,25.54,65.86,29.9,20.0,5.14
,2025-03-23 23:11:38,3.0,29.02,53.98,25.9,34.0,2.06
,2025-03-24 04:11:38,2.0,22.2,41.63,21.9,53.0,2.57
,2025-03-24 09:11:38,3.0,33.79,59.01,31.9,15.0,4.12
,2025-03-24 14:11:38,3.0,18.73,38.43,34.9,11.0,4.12
,2025-03-24 19:11:38,3.0,25.95,46.57,28.9,18.0,4.12
,2025-03-25 00:11:38,2.0,21.68,41.18,23.9,57.0,3.6
,2025-03-25 05:11:38,2.0,24.04,42.59,20.9,68.0,2.57
,2025-03-25 10:11:38,3.0,24.0,43.45,28.9,51.0,6.17
,2025-03-25 15:11:38,2.0,24.51,49.03,29.9,48.0,7.72
,2025-03-25 20:11:38,3.0,28.61,65.67,25.9,65.0,4.12
,2025-03-26 01:11:38,3.0,29.39,76.17,24.9,83.0,2.57
,2025-03-27 07:11:38,4.0,44.51,142.0,23.9,53.0,2.57
,2025-03-27 12:11:38,4.0,20.24,47.63,32.9,8.0,4.63
,2025-03-27 17:11:38,3.0,17.71,35.26,29.14,15.0,7.72
,2025-03-27 22:11:38,3.0,22.3,47.13,25.16,35.0,3.6
,2025-03-28 03:11:38,3.0,16.04,38.64,22.43,14.0,1.54
,2025-03-28 08:11:38,5.0,83.35,122.73,24.95,7.0,2.57
,2025-03-28 13:11:38,5.0,233.53,280.78,29.95,14.0,2.57
,2025-03-28 18:11:38,3.0,21.41,36.73,26.28,19.0,4.12
,2025-03-28 23:11:38,5.0,101.61,128.77,22.9,20.0,2.57
,2025-03-29 04:11:38,4.0,58.75,84.17,20.9,18.0,2.57
,2025-03-29 09:11:38,5.0,147.72,223.66,27.9,9.0,5.66
,2025-03-29 14:11:38,5.0,226.21,286.98,34.9,4.0,2.57
,2025-03-29 19:11:38,5.0,102.95,140.99,26.9,18.0,2.57
,2025-03-30 00:11:38,5.0,87.22,118.0,20.9,32.0,2.06
,2025-04-04 05:11:38,4.0,65.62,102.58,22.9,73.0,1.54
,2025-04-04 10:11:38,5.0,147.86,221.94,34.9,17.0,4.12
,2025-04-04 15:11:38,5.0,289.19,350.74,35.9,28.0,4.63
,2025-04-04 20:11:38,5.0,107.08,145.0,27.9,51.0,2.06
,2025-04-05 01:11:38,4.0,70.25,98.03,25.9,53.0,2.06
,2025-04-06 07:11:38,3.0,15.97,47.88,27.9,57.0,3.09
,2025-04-06 12:11:38,3.0,17.26,52.17,39.9,11.0,9.26
,2025-04-06 17:11:38,3.0,17.36,50.6,34.9,23.0,6.17
,2025-04-06 22:11:38,2.0,16.08,35.82,28.9,37.0,5.14
,2025-04-07 03:11:38,2.0,16.5,38.25,25.9,47.0,2.57
,2025-04-07 08:11:38,2.0,16.99,42.22,28.9,51.0,5.14
,2025-04-07 13:11:38,2.0,16.96,46.03,34.9,34.0,9.26
,2025-04-07 18:11:38,3.0,18.96,54.85,29.9,54.0,6.17
,2025-04-07 23:11:38,3.0,20.79,61.07,26.9,57.0,2.57
,2025-04-08 04:11:38,3.0,22.25,72.72,25.9,78.0,3.09
,2025-04-08 09:11:38,3.0,22.5,73.82,28.9,61.0,4.12
,2025-04-08 14:11:38,3.0,21.52,75.15,33.9,31.0,6.69
,2025-04-08 19:11:38,3.0,20.3,73.77,28.9,58.0,3.6
,2025-04-09 00:11:38,3.0,18.57,66.29,26.9,61.0,3.6
,2025-04-09 05:11:38,3.0,16.04,56.02,24.9,88.0,3.6
,2025-04-09 10:11:38,3.0,15.05,54.37,30.9,55.0,5.14
,2025-04-09 15:11:38,3.0,14.3,55.22,35.9,32.0,7.72
,2025-04-09 20:11:38,3.0,14.55,57.17,29.9,32.0,2.06
,2025-04-10 01:11:38,2.0,15.57,49.27,26.9,74.0,5.14
,2025-04-10 06:11:38,3.0,17.92,52.29,25.9,78.0,4.12
,2025-04-10 11:11:38,3.0,20.42,67.67,33.9,36.0,6.17
,2025-04-10 16:11:38,3.0,20.99,81.03,31.9,45.0,6.69
,2025-04-10 21:11:38,3.0,19.64,77.3,28.9,51.0,4.12
,2025-04-11 02:11:38,3.0,19.53,72.58,26.9,78.0,5.14
,2025-04-11 07:11:38,3.0,21.37,84.58,26.9,78.0,4.63
,2025-04-11 12:11:38,3.0,25.66,98.65,33.9,43.0,6.17
,2025-04-11 17:11:38,4.0,36.73,130.64,31.9,51.0,6.69
,2025-04-11 22:11:38,4.0,35.99,121.03,27.9,69.0,2.57
,2025-04-12 03:11:38,4.0,38.0,124.35,25.9,83.0,3.6
,2025-04-12 08:11:38,4.0,33.55,111.59,27.9,78.0,5.14
,2025-04-12 13:11:38,3.0,24.72,82.97,38.9,18.0,5.66
,2025-04-12 18:11:38,3.0,22.1,67.88,30.9,51.0,5.66
,2025-04-12 23:11:38,3.0,22.96,66.95,26.9,78.0,3.09
,2025-04-13 04:11:38,3.0,24.5,70.25,26.9,78.0,4.12
,2025-04-13 09:11:38,3.0,25.73,73.3,29.9,58.0,6.17
,2025-04-13 14:11:38,3.0,26.57,73.13,33.9,46.0,7.2
,2025-04-13 19:11:38,3.0,25.94,70.17,28.9,65.0,5.14
,2025-04-14 00:11:38,3.0,24.22,64.29,26.9,78.0,4.12
,2025-04-14 05:11:38,3.0,23.72,58.92,25.9,83.0,3.6
,2025-04-14 10:11:38,3.0,23.13,54.24,31.9,45.0,7.72
,2025-04-14 15:11:38,2.0,20.42,49.36,33.9,46.0,8.75
,2025-04-14 20:11:38,3.0,16.31,50.21,27.9,74.0,4.12
,2025-04-15 01:11:38,3.0,13.46,50.25,26.9,78.0,5.66
,2025-04-15 06:11:38,3.0,13.39,59.95,25.9,89.0,2.57
,2025-04-15 11:11:38,3.0,14.02,67.95,34.9,41.0,6.17
,2025-04-15 16:11:38,3.0,14.64,60.11,33.9,52.0,6.17
,2025-04-15 21:11:38,3.0,15.29,56.77,27.9,78.0,5.14
,2025-04-16 02:11:38,3.0,14.03,56.22,26.9,78.0,4.63
,2025-04-16 07:11:38,3.0,12.71,58.7,26.9,78.0,5.66
,2025-04-16 12:11:38,3.0,11.67,57.18,33.9,46.0,8.75
,2025-04-16 17:11:38,3.0,10.81,51.72,31.9,51.0,7.72
,2025-04-16 22:11:38,2.0,11.0,47.92,25.9,73.0,4.63
,2025-04-17 03:11:38,2.0,11.27,47.67,27.9,69.0,3.09
,2025-04-17 08:11:38,3.0,11.65,51.9,29.9,58.0,4.63
,2025-04-17 13:11:38,3.0,12.06,52.68,36.9,30.0,8.23
,2025-04-17 18:11:38,3.0,12.43,57.22,30.9,55.0,6.17
,2025-04-17 23:11:38,3.0,14.06,71.24,27.9,78.0,3.09
,2025-04-18 04:11:38,3.0,16.66,85.3,26.9,74.0,4.12
,2025-04-18 09:11:38,3.0,13.3,71.64,31.9,45.0,6.17
,2025-04-18 14:11:38,3.0,11.72,63.86,33.9,40.0,9.77
,2025-04-18 19:11:38,3.0,12.2,61.18,28.9,65.0,4.12
,2025-04-19 00:11:38,3.0,15.82,79.13,26.9,78.0,5.14
,2025-04-20 06:11:38,5.0,46.99,214.83,25.9,65.0,2.06
,2025-04-20 11:11:38,5.0,50.88,220.78,37.9,10.0,4.63
,2025-04-20 16:11:38,5.0,48.1,208.42,35.9,11.0,6.69
,2025-04-20 21:11:38,5.0,48.34,203.19,28.9,39.0,3.6
,2025-04-21 02:11:38,4.0,48.91,198.92,27.9,44.0,2.57
,2025-04-21 07:11:38,4.0,40.49,167.43,25.9,50.0,1.03
,2025-04-21 12:11:38,4.0,38.84,165.11,38.9,6.0,3.6
,2025-04-21 17:11:38,4.0,36.69,163.17,34.9,28.0,8.23
,2025-04-21 22:11:38,4.0,38.76,165.81,28.9,42.0,2.57
,2025-04-22 03:11:38,4.0,38.64,145.16,26.9,54.0,1.54
,2025-04-22 08:11:38,4.0,35.67,133.77,27.9,51.0,1.03
,2025-04-22 13:11:38,4.0,31.47,114.15,37.9,25.0,4.63
,2025-04-22 18:11:38,4.0,27.66,101.31,32.9,31.0,6.17
,2025-04-22 23:11:38,4.0,28.61,104.35,26.9,57.0,2.57
,2025-04-23 04:11:38,4.0,30.91,110.78,24.9,73.0,2.06
,2025-04-23 09:11:38,4.0,35.83,130.04,30.9,51.0,2.06
,2025-04-23 14:11:38,4.0,35.49,137.71,38.9,15.0,3.09
,2025-04-23 19:11:38,4.0,30.64,100.17,33.9,38.0,5.14
,2025-04-24 00:11:38,3.0,29.97,88.76,27.9,74.0,3.6
,2025-04-24 05:11:38,3.0,30.5,86.3,24.9,88.0,2.06
,2025-04-24 10:11:38,3.0,30.55,83.46,32.9,55.0,2.57
,2025-04-24 15:11:38,3.0,29.04,84.5,33.9,55.0,7.72
,2025-04-24 20:11:38,3.0,31.26,96.11,28.9,58.0,4.12
,2025-04-25 01:11:38,4.0,34.99,119.99,26.9,78.0,2.06
,2025-04-25 06:11:38,4.0,37.21,135.27,25.9,83.0,2.57
,2025-04-25 11:11:38,4.0,37.38,135.16,32.9,52.0,3.6
,2025-04-25 16:11:38,4.0,37.41,142.43,33.9,46.0,6.69
,2025-04-25 21:11:38,4.0,37.62,133.72,28.9,58.0,3.09
,2025-04-26 02:11:38,4.0,38.85,132.65,26.9,69.0,0.0
,2025-04-26 07:11:38,4.0,40.26,146.63,27.9,78.0,3.09
,2025-04-26 12:11:38,4.0,42.94,160.02,39.9,24.0,5.66
,2025-04-26 17:11:38,4.0,43.75,158.63,35.9,36.0,7.2
,2025-04-26 22:11:38,4.0,38.98,124.64,30.9,42.0,1.54
,2025-04-27 03:11:38,4.0,38.2,131.45,26.9,69.0,1.54
,2025-04-27 08:11:38,4.0,40.22,139.08,29.9,70.0,4.63
,2025-04-27 13:11:38,4.0,40.7,139.23,34.9,43.0,6.17
,2025-04-27 18:11:38,4.0,37.65,134.17,32.9,52.0,6.17
,2025-04-27 23:11:38,4.0,39.09,126.86,28.9,74.0,3.09
,2025-04-28 04:11:38,4.0,41.69,123.08,26.9,83.0,3.09
,2025-04-28 09:11:38,4.0,42.7,123.37,32.9,52.0,3.09
,2025-04-28 14:11:38,3.0,34.83,89.66,36.9,32.0,8.23
,2025-04-28 19:11:38,3.0,27.68,64.19,30.9,51.0,5.14
,2025-04-29 00:11:38,3.0,25.94,58.96,28.9,61.0,3.09
,2025-04-29 05:11:38,3.0,26.6,59.53,26.9,61.0,1.54
,2025-04-29 10:11:38,3.0,25.79,57.67,36.9,23.0,5.14
,2025-04-29 15:11:38,3.0,23.68,52.69,37.9,27.0,9.26
,2025-04-29 20:11:38,3.0,24.26,53.98,30.9,51.0,5.14
,2025-04-30 01:11:38,3.0,27.24,61.11,28.9,58.0,5.66
,2025-04-30 06:11:38,3.0,28.42,65.02,28.9,61.0,3.6
,2025-04-30 11:11:38,3.0,27.75,58.12,37.9,23.0,8.23
,2025-04-30 16:11:38,3.0,27.3,55.82,34.9,34.0,7.2
,2025-04-30 21:11:38,2.0,22.59,46.32,29.9,54.0,5.66
,2025-05-01 02:11:38,2.0,20.78,42.21,28.9,61.0,5.14
,2025-05-01 07:11:38,2.0,20.89,45.59,27.9,78.0,5.14
,2025-05-01 12:11:38,2.0,21.95,49.16,35.9,38.0,8.23
,2025-05-01 17:11:38,3.0,21.83,50.22,32.9,49.0,9.26
,2025-05-01 22:11:38,2.0,20.26,48.75,29.9,62.0,4.12
,2025-05-02 03:11:38,2.0,18.5,47.42,28.9,54.0,3.09
,2025-05-02 08:11:38,2.0,18.16,47.81,30.9,58.0,6.17
,2025-05-02 13:11:38,2.0,17.85,49.44,34.9,43.0,6.69
,2025-05-02 18:11:38,3.0,18.02,52.08,29.9,66.0,7.72
,2025-05-02 23:11:38,3.0,18.1,56.99,28.9,79.0,5.14
,2025-05-03 04:11:38,3.0,18.03,60.64,27.9,74.0,3.09
,2025-05-03 09:11:38,3.0,19.35,72.1,32.9,52.0,1.54
,2025-05-03 14:11:38,3.0,18.65,60.79,36.9,36.0,6.17
,2025-05-03 19:11:38,3.0,20.75,63.5,30.9,58.0,5.14
,2025-05-04 00:11:38,3.0,24.04,74.38,28.9,74.0,3.6
,2025-05-04 05:11:38,3.0,25.94,76.99,27.9,69.0,5.66
,2025-05-04 10:11:38,3.0,24.29,73.74,31.9,55.0,5.14
,2025-05-04 15:11:38,3.0,21.58,72.93,32.9,52.0,9.77
,2025-05-04 20:11:38,3.0,22.44,78.66,29.9,70.0,6.17
,2025-05-05 01:11:38,3.0,21.82,68.49,28.9,74.0,2.06
,2025-05-05 06:11:38,3.0,19.66,63.45,27.9,39.0,3.09
,2025-05-05 11:11:38,3.0,16.98,60.93,34.9,24.0,2.06
,2025-05-05 16:11:38,3.0,23.96,90.42,34.9,36.0,5.14
,2025-05-05 21:11:38,4.0,31.23,114.46,29.9,74.0,1.54
,2025-05-06 02:11:38,4.0,25.11,107.86,28.9,74.0,2.06
,2025-05-06 07:11:38,3.0,21.18,97.57,28.9,65.0,2.06
,2025-05-06 12:11:38,3.0,15.1,81.89,36.9,25.0,4.63
,2025-05-06 17:11:38,3.0,12.47,66.53,33.9,40.0,5.14
,2025-05-06 22:11:38,3.0,13.53,72.18,29.9,70.0,3.6
,2025-05-07 03:11:38,3.0,15.77,82.86,28.9,65.0,2.57
,2025-05-07 08:11:38,3.0,15.79,80.84,30.9,58.0,2.06
,2025-05-07 13:11:38,3.0,12.94,68.49,35.9,38.0,6.17
,2025-05-07 18:11:38,3.0,11.15,64.63,30.9,58.0,5.66
,2025-05-07 23:11:38,3.0,11.16,67.19,28.9,79.0,2.57
,2025-05-08 04:11:38,3.0,12.53,75.95,28.9,74.0,3.6
,2025-05-08 09:11:38,3.0,16.21,91.27,31.9,55.0,3.6
,2025-05-08 14:11:38,4.0,18.69,104.83,33.9,46.0,5.66
,2025-05-08 19:11:38,4.0,18.9,103.05,30.9,58.0,4.12
,2025-05-09 00:11:38,4.0,20.18,101.6,29.9,70.0,3.09
,2025-05-09 05:11:38,3.0,19.47,95.79,28.9,74.0,2.57
,2025-05-09 10:11:38,3.0,17.32,80.07,31.9,51.0,3.6
,2025-05-09 15:11:38,3.0,16.34,71.82,34.9,41.0,5.14
,2025-05-09 20:11:38,3.0,17.09,77.36,30.9,55.0,4.63
,2025-05-10 01:11:38,3.0,20.49,95.51,28.9,42.0,2.57
,2025-05-10 06:11:38,4.0,36.47,180.3,26.9,50.0,0.0
,2025-05-10 11:11:38,5.0,49.48,239.13,37.9,19.0,1.54
,2025-05-10 16:11:38,5.0,86.86,390.05,35.9,28.0,7.2
,2025-05-10 21:11:38,5.0,117.4,450.56,28.2,78.0,7.82
,2025-05-11 02:11:38,5.0,138.19,453.02,27.38,82.0,6.78
,2025-05-11 07:11:38,5.0,141.11,378.72,28.82,71.0,5.33
,2025-05-11 12:11:38,5.0,119.76,282.8,33.19,55.0,7.15
,2025-05-11 17:11:38,5.0,102.54,223.23,30.29,71.0,7.34
,2025-05-11 22:11:38,5.0,79.74,180.78,28.15,78.0,5.28
,2025-05-12 03:11:38,5.0,98.13,254.54,27.29,78.0,5.85
,2025-05-12 08:11:38,5.0,97.09,242.02,29.72,66.0,6.79
,2025-05-12 13:11:38,4.0,61.23,181.1,32.36,57.0,8.07
,2025-05-12 18:11:38,4.0,46.1,166.36,28.94,70.0,7.02
,2025-05-12 23:11:38,4.0,50.68,183.48,27.62,78.0,5.83
,2025-05-13 04:11:38,5.0,51.32,200.99,27.12,81.0,5.33
,2025-05-13 09:11:38,4.0,45.82,169.16,31.02,63.0,7.04
,2025-05-13 14:11:38,4.0,40.68,141.87,32.76,56.0,8.13
,2025-05-13 19:11:38,4.0,38.16,125.5,28.97,73.0,5.84
,2025-05-14 00:11:38,4.0,36.16,122.6,27.93,79.0,5.88
,2025-05-14 05:11:38,4.0,33.22,117.7,27.31,85.0,5.33
,2025-05-14 10:11:38,4.0,33.74,121.85,33.03,57.0,6.22
,2025-05-14 15:11:38,4.0,32.13,117.05,33.99,50.0,6.83
,2025-05-14 20:11:38,3.0,26.28,97.81,29.06,79.0,6.99
,2025-05-15 01:11:38,3.0,21.07,89.86,27.84,83.0,4.51
,2025-05-15 06:11:38,3.0,23.66,95.51,27.94,80.0,3.22
,2025-05-15 11:11:38,3.0,22.72,91.34,34.7,46.0,6.55
,2025-05-15 16:11:38,3.0,19.7,82.86,31.92,62.0,5.52
,2025-05-15 21:11:38,3.0,18.2,80.87,28.77,78.0,4.44
,2025-05-16 02:11:38,3.0,19.21,82.4,27.68,81.0,2.99
,2025-05-16 07:11:38,3.0,23.93,97.12,29.1,71.0,4.77
,2025-05-16 12:11:38,3.0,24.6,95.54,32.99,53.0,6.96
,2025-05-16 17:11:38,3.0,17.11,71.48,31.48,60.0,5.29
,2025-05-16 22:11:38,3.0,14.45,66.83,28.47,78.0,3.84
,2025-05-17 03:11:38,3.0,15.55,76.16,26.95,85.0,2.87
,2025-05-17 08:11:38,3.0,17.2,85.57,29.89,67.0,4.99
,2025-05-17 13:11:38,3.0,14.3,70.96,32.83,54.0,6.16
,2025-05-17 18:11:38,3.0,13.11,62.35,29.66,69.0,4.9
,2025-05-17 23:11:38,3.0,13.13,67.3,28.06,82.0,3.87
,2025-05-18 04:11:38,3.0,13.59,73.26,27.13,83.0,3.28
,2025-05-18 09:11:38,3.0,14.13,72.68,31.67,58.0,4.81
,2025-05-18 14:11:38,3.0,12.65,64.84,33.4,53.0,6.79
,2025-05-18 19:11:38,3.0,12.31,60.58,29.36,73.0,5.62
,2025-05-19 00:11:38,2.0,10.32,45.81,28.15,77.0,4.77
,2025-05-19 05:11:38,2.0,8.8,40.69,27.9,74.0,4.12
,2025-05-19 10:11:38,2.0,7.39,36.62,32.9,52.0,5.14
,2025-05-19 15:11:38,2.0,6.38,32.47,33.9,49.0,7.2
,2025-05-19 20:11:38,2.0,6.01,31.26,28.71,76.0,5.95
,2025-05-20 01:11:38,2.0,4.55,21.9,27.74,81.0,6.26
,2025-05-20 06:11:38,1.0,4.08,17.18,28.18,75.0,6.73
,2025-05-20 11:11:38,2.0,5.18,20.9,32.43,58.0,8.27
,2025-05-20 16:11:38,2.0,7.61,30.39,31.42,61.0,7.51
,2025-05-20 21:11:38,2.0,9.93,36.96,28.2,78.0,5.92
,2025-05-21 02:11:38,2.0,7.78,27.66,29.9,70.0,5.14
,2025-05-21 07:11:38,2.0,6.12,21.78,29.9,70.0,4.12
,2025-05-21 12:11:38,1.0,4.72,16.8,35.9,46.0,5.66
,2025-05-21 17:11:38,1.0,3.84,15.37,32.9,55.0,8.23
,2025-05-21 22:11:38,1.0,3.59,14.14,29.9,58.0,4.12
,2025-05-22 03:11:38,1.0,4.21,15.86,28.9,74.0,4.63
,2025-05-22 08:11:38,2.0,7.55,25.65,31.9,62.0,5.14
,2025-05-22 13:11:38,2.0,12.65,34.89,35.9,41.0,7.72
,2025-05-22 18:11:38,2.0,13.72,40.72,31.9,58.0,6.69
,2025-05-22 23:11:38,2.0,13.68,47.5,28.9,79.0,4.12
,2025-05-23 04:11:38,3.0,11.7,51.78,28.9,74.0,5.14
,2025-05-23 09:11:38,3.0,11.17,57.15,32.9,52.0,5.66
,2025-05-23 14:11:38,3.0,10.9,58.17,35.9,44.0,9.77
,2025-05-23 19:11:38,3.0,10.22,54.8,30.9,66.0,5.66
,2025-05-24 00:11:38,3.0,11.74,61.51,28.9,74.0,5.14
,2025-05-24 05:11:38,3.0,12.82,63.14,28.9,74.0,6.17
,2025-05-24 10:11:38,3.0,14.41,68.41,31.9,55.0,5.66
,2025-05-24 15:11:38,3.0,15.52,72.37,35.9,46.0,7.72
,2025-05-24 20:11:38,3.0,14.94,64.04,31.9,62.0,3.6
,2025-05-25 01:11:38,3.0,16.46,64.1,30.9,74.0,4.63
,2025-05-25 06:11:38,3.0,17.26,65.61,30.9,74.0,5.14
,2025-05-25 11:11:38,3.0,16.18,62.3,35.9,49.0,3.6
,2025-05-25 16:11:38,3.0,16.31,62.31,34.9,52.0,7.72
,2025-05-25 21:11:38,3.0,19.21,66.66,30.9,70.0,4.12
,2025-05-26 02:11:38,3.0,19.63,68.36,29.9,74.0,5.14
,2025-05-26 07:11:38,3.0,18.93,65.48,30.9,74.0,3.6
,2025-05-26 12:11:38,3.0,19.41,65.64,36.9,44.0,3.6
,2025-05-26 17:11:38,3.0,26.13,87.88,34.9,49.0,4.63
,2025-05-26 22:11:38,3.0,25.52,91.56,30.9,74.0,3.09
,2025-05-27 03:11:38,3.0,23.07,85.14,29.9,74.0,4.12
,2025-05-27 08:11:38,3.0,24.14,87.03,30.9,70.0,5.66
,2025-05-27 13:11:38,3.0,27.9,99.78,34.9,49.0,8.23
,2025-05-27 18:11:38,4.0,28.04,104.15,31.9,62.0,5.66
,2025-05-27 23:11:38,4.0,26.23,106.74,30.9,66.0,4.12
,2025-05-28 04:11:38,4.0,27.4,111.46,29.9,79.0,4.12
,2025-05-28 09:11:38,4.0,30.61,116.17,32.9,62.0,4.12
,2025-05-28 14:11:38,4.0,33.1,114.43,36.9,49.0,5.14
,2025-05-28 19:11:38,4.0,32.06,116.0,31.9,74.0,7.2
,2025-05-29 00:11:38,4.0,29.48,122.36,30.9,74.0,3.6
,2025-05-29 05:11:38,4.0,31.16,135.71,29.9,79.0,4.12
,2025-05-29 10:11:38,4.0,34.63,136.59,35.9,52.0,2.57
,2025-05-29 15:11:38,4.0,38.72,131.65,36.9,44.0,5.66
,2025-05-29 20:11:38,4.0,38.64,142.66,33.9,33.0,2.57
,2025-05-30 01:11:38,4.0,37.66,160.01,30.9,66.0,4.12
,2025-05-30 06:11:38,4.0,36.77,148.61,30.9,66.0,3.09
,2025-05-30 11:11:38,4.0,35.15,132.65,38.9,32.0,6.17
,2025-05-30 16:11:38,4.0,35.2,127.45,34.9,49.0,8.23
,2025-05-30 21:11:38,4.0,36.09,134.41,30.9,66.0,4.12
,2025-05-31 02:11:38,4.0,34.1,135.69,29.9,84.0,5.14
,2025-05-31 07:11:38,4.0,34.32,132.67,30.9,74.0,6.17
,2025-05-31 12:11:38,4.0,34.87,130.2,36.9,47.0,9.26
,2025-05-31 17:11:38,4.0,33.89,129.42,33.9,49.0,9.26
,2025-05-31 22:11:38,4.0,31.42,124.74,30.9,74.0,5.66
,2025-06-01 03:11:38,4.0,30.55,117.19,29.9,84.0,6.17
,2025-06-01 08:11:38,4.0,40.95,133.41,31.9,74.0,6.17
,2025-06-01 13:11:38,4.0,42.7,136.82,36.9,36.0,7.72
,2025-06-01 18:11:38,4.0,37.63,133.8,32.9,55.0,7.72
,2025-06-01 23:11:38,4.0,32.87,129.77,30.9,74.0,4.12
,2025-06-02 04:11:38,4.0,34.34,132.69,29.9,84.0,5.14
,2025-06-02 09:11:38,4.0,39.23,148.08,32.9,62.0,4.12
,2025-06-02 14:11:38,4.0,45.22,180.9,35.9,49.0,9.26
,2025-06-02 19:11:38,4.0,46.88,192.28,31.9,66.0,7.2
,2025-06-03 00:11:38,4.0,46.83,198.44,29.9,74.0,5.14
,2025-06-03 05:11:38,5.0,48.85,227.24,28.9,79.0,6.17
,2025-06-03 10:11:38,5.0,51.71,234.44,32.9,58.0,6.69
,2025-06-03 15:11:38,4.0,47.42,196.51,32.9,55.0,7.72
,2025-06-03 20:11:38,5.0,61.02,304.83,30.9,70.0,5.14
,2025-06-04 01:11:38,5.0,49.3,270.27,29.9,74.0,4.12
,2025-06-04 06:11:38,4.0,35.79,170.03,28.9,74.0,4.12
,2025-06-04 11:11:38,4.0,34.3,166.88,33.9,49.0,7.72
,2025-06-04 16:11:38,4.0,25.87,126.94,33.9,52.0,9.77
,2025-06-04 21:11:38,4.0,22.08,103.22,30.9,62.0,7.72
,2025-06-05 02:11:38,3.0,21.87,94.52,29.9,66.0,4.12
,2025-06-05 07:11:38,3.0,21.62,90.28,29.9,62.0,4.12
,2025-06-05 12:11:38,3.0,16.13,69.49,34.9,41.0,5.14
,2025-06-05 17:11:38,3.0,11.03,52.78,33.9,49.0,5.66
,2025-06-05 22:11:38,2.0,8.73,43.37,30.9,62.0,5.14
,2025-06-06 03:11:38,2.0,8.84,44.65,29.9,66.0,4.63
,2025-06-06 08:11:38,3.0,11.7,59.51,31.9,58.0,7.2
,2025-06-06 13:11:38,3.0,12.78,65.1,35.9,38.0,7.72
,2025-06-06 18:11:38,3.0,13.23,68.73,31.9,58.0,8.23
,2025-06-06 23:11:38,3.0,16.3,88.07,29.9,66.0,5.14
,2025-06-07 04:11:38,4.0,21.47,113.38,28.9,70.0,5.14
,2025-06-07 09:11:38,4.0,19.74,102.64,32.9,52.0,6.69
,2025-06-07 14:11:38,3.0,14.92,77.64,34.9,46.0,9.26
,2025-06-07 19:11:38,3.0,11.3,55.46,29.9,66.0,7.72
,2025-06-08 00:11:38,2.0,8.55,42.56,28.9,70.0,6.17
,2025-06-08 05:11:38,3.0,10.45,52.1,27.9,74.0,5.14
,2025-06-08 10:11:38,3.0,12.38,60.32,33.9,49.0,7.72
,2025-06-08 15:11:38,3.0,11.16,51.57,33.9,49.0,9.26
,2025-06-08 20:11:38,2.0,7.86,36.17,29.9,62.0,7.72
,2025-06-09 01:11:38,2.0,5.15,23.56,28.9,70.0,6.17
,2025-06-09 06:11:38,2.0,4.69,20.15,27.9,69.0,5.14
,2025-06-09 11:11:38,1.0,4.15,16.93,33.9,46.0,9.77
,2025-06-09 16:11:38,1.0,4.26,16.68,33.9,46.0,8.75
,2025-06-09 21:11:38,1.0,3.93,15.92,29.9,66.0,7.2
,2025-06-10 02:11:38,1.0,4.49,18.26,28.9,70.0,5.14
,2025-06-10 07:11:38,2.0,5.82,22.32,29.9,70.0,4.12
,2025-06-10 12:11:38,2.0,6.67,25.24,33.9,49.0,10.29
,2025-06-10 17:11:38,2.0,9.19,36.07,32.9,49.0,9.26
,2025-06-10 22:11:38,2.0,12.05,47.55,29.9,66.0,5.66
,2025-06-11 03:11:38,2.0,12.11,48.38,28.9,74.0,5.14
,2025-06-11 08:11:38,2.0,11.03,43.48,29.9,70.0,7.72
,2025-06-11 13:11:38,2.0,10.31,38.53,32.9,52.0,8.75
,2025-06-11 18:11:38,2.0,9.65,36.04,31.9,58.0,7.72
,2025-06-11 23:11:38,2.0,8.91,35.83,29.9,70.0,4.63
,2025-06-12 04:11:38,2.0,9.33,37.52,28.9,79.0,5.66
,2025-06-12 09:11:38,2.0,10.33,40.68,31.9,62.0,7.72
,2025-06-12 14:11:38,2.0,9.29,38.76,34.9,49.0,8.75
,2025-06-12 19:11:38,2.0,8.55,37.69,30.9,62.0,6.17
,2025-06-13 00:11:38,2.0,9.63,43.41,29.9,74.0,4.12
,2025-06-13 05:11:38,3.0,11.77,52.96,28.9,79.0,5.14
,2025-06-13 10:11:38,3.0,14.12,62.73,34.9,52.0,5.66
,2025-06-13 15:11:38,3.0,15.43,67.82,36.9,47.0,8.23
,2025-06-13 20:11:38,3.0,15.46,71.57,30.9,70.0,6.17
,2025-06-14 01:11:38,3.0,18.74,81.34,29.9,84.0,4.63
,2025-06-14 06:11:38,3.0,21.34,89.82,29.9,79.0,4.63
,2025-06-14 11:11:38,3.0,22.17,97.34,35.9,46.0,3.6
,2025-06-14 16:11:38,4.0,23.81,110.73,33.9,55.0,6.17
,2025-06-14 21:11:38,3.0,21.74,99.06,30.9,74.0,3.6
,2025-06-15 02:11:38,3.0,20.98,93.07,29.9,79.0,4.12
,2025-06-15 07:11:38,4.0,23.4,103.21,29.9,79.0,5.14
,2025-06-15 12:11:38,4.0,24.32,105.2,35.9,44.0,3.09
,2025-06-15 17:11:38,4.0,26.28,106.05,33.9,49.0,5.14
,2025-06-15 22:11:38,4.0,26.45,108.58,32.9,46.0,2.57
,2025-06-16 03:11:38,4.0,27.03,124.22,30.9,55.0,3.09
,2025-06-16 08:11:38,4.0,28.21,120.45,30.9,55.0,2.06
,2025-06-16 13:11:38,4.0,29.92,131.94,38.9,37.0,7.72
,2025-06-16 18:11:38,4.0,34.91,161.67,33.9,55.0,6.17
,2025-06-16 23:11:38,4.0,37.55,177.43,31.9,70.0,2.57
,2025-06-17 04:11:38,4.0,36.04,162.33,30.9,70.0,2.06
,2025-06-17 09:11:38,4.0,36.54,152.73,34.9,43.0,2.57
,2025-06-17 14:11:38,4.0,37.19,148.43,37.9,44.0,6.17
,2025-06-17 19:11:38,4.0,34.43,150.36,32.9,62.0,8.75
,2025-06-18 00:11:38,4.0,33.17,145.38,29.9,70.0,5.14
,2025-06-18 05:11:38,4.0,36.09,145.69,29.9,74.0,5.14
,2025-06-18 10:11:38,4.0,30.27,125.5,32.9,55.0,4.12
,2025-06-18 15:11:38,4.0,24.36,110.87,32.9,55.0,9.26
,2025-06-18 20:11:38,3.0,17.98,81.17,29.9,70.0,5.66
,2025-06-19 01:11:38,3.0,22.5,98.45,29.9,70.0,4.12
,2025-06-19 06:11:38,3.0,20.52,93.54,29.9,70.0,8.75
,2025-06-19 11:11:38,3.0,19.88,89.12,33.9,49.0,10.29
,2025-06-19 16:11:38,3.0,19.53,87.34,33.9,52.0,11.32
,2025-06-19 21:11:38,3.0,21.04,86.88,29.9,74.0,7.2
,2025-06-20 02:11:38,4.0,26.93,111.33,29.9,74.0,8.23
,2025-06-20 07:11:38,4.0,28.3,123.05,30.9,66.0,7.2
,2025-06-20 12:11:38,4.0,27.64,123.09,31.9,62.0,7.72
,2025-06-20 17:11:38,4.0,25.09,108.38,31.9,62.0,8.23
,2025-06-20 22:11:38,4.0,26.9,112.44,30.9,74.0,7.2
,2025-06-21 03:11:38,4.0,29.69,130.68,29.9,79.0,6.17
,2025-06-21 08:11:38,4.0,25.15,118.79,29.9,79.0,4.12
,2025-06-21 13:11:38,4.0,23.67,113.86,33.9,52.0,8.75
,2025-06-21 18:11:38,4.0,24.08,110.97,31.9,66.0,7.72
,2025-06-21 23:11:38,4.0,30.41,139.57,29.9,79.0,5.66
,2025-06-22 04:11:38,4.0,35.16,171.36,29.9,79.0,5.14
,2025-06-22 09:11:38,4.0,29.62,141.4,30.9,74.0,7.72
,2025-06-22 14:11:38,4.0,30.5,144.28,33.9,52.0,7.72
,2025-06-22 19:11:38,4.0,29.05,136.01,30.9,70.0,7.2
,2025-06-23 00:11:38,4.0,33.16,145.58,29.9,79.0,5.66
,2025-06-23 05:11:38,4.0,34.48,150.57,28.9,84.0,3.09
,2025-06-23 10:11:38,4.0,34.99,155.69,32.9,58.0,6.17
,2025-06-23 15:11:38,4.0,33.7,152.53,33.9,55.0,6.17
,2025-06-23 20:11:38,4.0,30.62,136.56,30.9,70.0,6.17
,2025-06-24 01:11:38,4.0,33.1,142.7,29.9,74.0,4.63
,2025-06-24 06:11:38,4.0,30.11,130.74,29.9,74.0,4.63
,2025-06-24 11:11:38,4.0,32.4,141.28,33.9,52.0,5.14
,2025-06-24 16:11:38,4.0,32.59,144.17,32.9,55.0,4.63
,2025-06-24 21:11:38,4.0,34.94,143.26,29.9,74.0,4.12
,2025-06-25 02:11:38,4.0,40.85,153.11,29.9,74.0,4.12
,2025-06-25 07:11:38,4.0,44.24,159.31,29.9,79.0,4.12
,2025-06-25 12:11:38,4.0,40.45,158.36,31.9,62.0,5.14
,2025-06-25 17:11:38,4.0,37.07,164.12,31.9,62.0,5.14
,2025-06-25 22:11:38,4.0,37.9,182.5,29.9,79.0,3.09
,2025-06-26 03:11:38,5.0,41.6,205.96,29.9,79.0,0.0
,2025-06-26 08:11:38,5.0,48.41,221.79,31.9,74.0,2.06
,2025-06-26 13:11:38,4.0,45.97,193.96,35.9,49.0,5.14
,2025-06-26 18:11:38,4.0,41.77,166.33,32.9,55.0,5.66
,2025-06-26 23:11:38,4.0,39.72,197.32,27.9,78.0,2.57
,2025-06-27 04:11:38,5.0,54.1,337.26,28.9,84.0,0.0
,2025-06-27 09:11:38,4.0,43.11,161.86,29.9,74.0,2.57
,2025-06-27 14:11:38,4.0,45.44,188.15,27.9,83.0,4.12
,2025-06-27 19:11:38,3.0,30.74,70.5,27.9,83.0,2.57
,2025-06-28 00:11:38,2.0,19.35,34.0,27.9,89.0,0.0
,2025-06-28 05:11:38,2.0,14.41,19.65,27.9,89.0,1.54
,2025-06-28 10:11:38,2.0,10.8,14.77,29.9,74.0,0.0
,2025-06-28 15:11:38,2.0,9.65,13.88,27.9,89.0,4.12
,2025-06-28 20:11:38,1.0,7.82,10.55,26.9,94.0,3.09
,2025-06-29 01:11:38,1.0,9.68,12.2,27.9,89.0,4.12
,2025-06-29 06:11:38,1.0,9.71,12.54,27.9,89.0,2.06
,2025-06-29 11:11:38,2.0,12.35,16.06,30.9,70.0,2.57
,2025-06-29 16:11:38,2.0,11.17,15.64,31.9,62.0,6.69
,2025-06-29 21:11:38,2.0,10.77,20.8,29.9,74.0,3.09
,2025-06-30 02:11:38,2.0,14.3,32.2,29.9,74.0,4.63
,2025-06-30 07:11:38,3.0,20.65,75.89,29.9,79.0,5.14
,2025-06-30 12:11:38,4.0,24.84,120.7,33.9,55.0,10.29
,2025-06-30 17:11:38,4.0,23.18,107.66,31.9,62.0,8.23
,2025-06-30 22:11:38,4.0,21.71,107.46,29.9,79.0,5.14
,2025-07-01 03:11:38,3.0,18.65,80.07,28.9,79.0,4.63
,2025-07-01 08:11:38,3.0,16.61,72.33,30.9,74.0,5.66
,2025-07-01 13:11:38,3.0,17.86,85.03,33.9,52.0,6.17
,2025-07-01 18:11:38,3.0,21.08,95.69,30.9,66.0,6.17
,2025-07-01 23:11:38,3.0,20.13,90.37,29.9,74.0,5.66
,2025-07-02 04:11:38,3.0,16.5,71.97,29.9,74.0,5.14
,2025-07-02 09:11:38,3.0,16.48,65.58,31.9,62.0,3.09
,2025-07-02 14:11:38,3.0,17.08,74.93,33.9,49.0,8.23
,2025-07-02 19:11:38,3.0,17.53,71.68,30.9,70.0,5.14
,2025-07-03 00:11:38,3.0,18.4,80.89,27.9,83.0,5.14
,2025-07-03 05:11:38,3.0,17.4,66.36,28.9,79.0,3.09
,2025-07-03 10:11:38,3.0,17.3,70.87,30.9,66.0,5.14
,2025-07-03 15:11:38,3.0,18.62,79.83,32.9,55.0,7.2
,2025-07-03 20:11:38,3.0,19.85,80.89,29.9,74.0,4.12
,2025-07-04 01:11:38,3.0,20.28,75.94,29.9,74.0,3.6
,2025-07-04 06:11:38,3.0,24.64,82.93,28.9,84.0,4.12
,2025-07-04 11:11:38,3.0,26.08,88.19,32.9,62.0,3.6
,2025-07-04 16:11:38,3.0,28.59,90.14,32.9,62.0,7.72
,2025-07-04 21:11:38,4.0,32.7,119.11,29.9,79.0,4.63
,2025-07-05 02:11:38,4.0,30.79,130.29,29.9,74.0,5.14
,2025-07-05 07:11:38,4.0,29.7,108.81,29.9,79.0,4.12
,2025-07-05 12:11:38,4.0,39.07,171.18,31.9,66.0,8.23
,2025-07-05 17:11:38,4.0,41.55,171.41,31.9,66.0,5.14
,2025-07-05 22:11:38,3.0,28.53,94.5,29.9,79.0,3.6
,2025-07-06 03:11:38,4.0,36.69,140.76,29.9,79.0,6.17
,2025-07-06 08:11:38,4.0,35.71,176.5,30.9,70.0,6.17
,2025-07-06 13:11:38,4.0,29.08,142.97,31.9,58.0,6.17
,2025-07-06 18:11:38,4.0,30.75,146.86,30.9,70.0,5.66
,2025-07-06 23:11:38,5.0,39.48,203.48,29.9,74.0,4.12
,2025-07-07 04:11:38,4.0,38.01,181.18,28.9,79.0,2.06
,2025-07-07 09:11:38,4.0,36.71,183.24,30.9,70.0,5.14
,2025-07-07 14:11:38,4.0,34.36,158.8,32.9,58.0,2.57
,2025-07-07 19:11:38,4.0,31.56,133.62,30.9,66.0,4.63
,2025-07-08 00:11:38,4.0,40.19,175.88,29.9,79.0,2.57
,2025-07-08 05:11:38,4.0,41.24,169.02,28.9,79.0,1.54
,2025-07-08 10:11:38,4.0,37.7,152.19,32.9,58.0,4.12
,2025-07-08 15:11:38,4.0,28.67,116.35,33.9,52.0,4.12
,2025-07-08 20:11:38,3.0,25.95,95.78,30.9,66.0,4.12
,2025-07-09 01:11:38,4.0,29.79,137.7,29.9,70.0,4.12
,2025-07-09 06:11:38,4.0,32.83,180.99,29.9,74.0,2.06
,2025-07-09 11:11:38,4.0,32.38,168.78,31.9,66.0,5.66
,2025-07-09 16:11:38,4.0,31.92,173.24,32.9,55.0,5.14
,2025-07-09 21:11:38,4.0,30.8,141.41,30.9,74.0,4.12
,2025-07-10 02:11:38,4.0,31.08,132.14,29.9,79.0,5.14
,2025-07-10 07:11:38,4.0,26.56,121.98,29.26,78.0,3.65
,2025-07-10 12:11:38,4.0,24.16,116.72,32.9,58.0,5.66
,2025-07-10 17:11:38,4.0,24.68,121.17,31.9,62.0,3.09
,2025-07-10 22:11:38,4.0,23.28,107.1,29.9,74.0,3.09
,2025-07-11 03:11:38,4.0,24.22,111.49,29.9,79.0,3.09
,2025-07-11 08:11:38,3.0,19.79,88.18,30.9,70.0,1.54
,2025-07-11 13:11:38,3.0,14.69,64.13,33.9,52.0,5.66
,2025-07-11 18:11:38,3.0,14.11,62.25,32.9,55.0,5.66
,2025-07-11 23:11:38,3.0,14.79,63.79,29.9,70.0,4.12
,2025-07-12 04:11:38,3.0,15.57,62.0,28.9,74.0,3.09
,2025-07-12 09:11:38,3.0,18.04,71.86,31.9,58.0,4.63
,2025-07-12 14:11:38,3.0,17.57,71.99,33.9,52.0,6.17
,2025-07-12 19:11:38,3.0,13.96,55.89,30.9,66.0,4.12
,2025-07-13 00:11:38,3.0,13.93,55.67,29.9,74.0,7.72
,2025-07-13 05:11:38,3.0,15.28,63.32,28.9,74.0,5.14
,2025-07-13 10:11:38,3.0,17.43,64.4,33.9,49.0,6.17
,2025-07-13 15:11:38,3.0,20.81,83.18,31.9,62.0,7.2
,2025-07-13 20:11:38,3.0,18.67,79.74,29.9,74.0,5.14
,2025-07-14 01:11:38,3.0,19.13,82.75,29.9,70.0,5.14
,2025-07-14 06:11:38,3.0,23.17,90.47,28.9,79.0,5.14
,2025-07-14 11:11:38,4.0,27.66,112.91,32.9,62.0,5.14
,2025-07-14 16:11:38,4.0,25.73,113.83,32.9,62.0,10.29
,2025-07-14 21:11:38,4.0,23.46,111.22,29.9,74.0,4.12
,2025-07-15 02:11:38,4.0,25.0,106.6,29.9,70.0,3.09
,2025-07-15 07:11:38,4.0,25.6,110.63,28.64,77.0,6.53
,2025-07-15 12:11:38,4.0,24.3,107.88,33.9,52.0,7.2
,2025-07-15 17:11:38,4.0,22.96,104.26,31.9,55.0,6.17
,2025-07-15 22:11:38,4.0,24.39,108.43,29.9,70.0,7.72
,2025-07-16 03:11:38,4.0,28.89,127.73,28.9,74.0,3.09
,2025-07-16 08:11:38,4.0,30.0,132.19,30.9,58.0,3.09
,2025-07-16 13:11:38,4.0,26.46,114.85,33.9,49.0,7.72
,2025-07-16 18:11:38,4.0,24.14,107.5,32.9,52.0,6.17
,2025-07-16 23:11:38,4.0,25.9,114.49,29.9,70.0,3.09
,2025-07-17 04:11:38,4.0,29.76,124.01,28.9,74.0,4.12
,2025-07-17 09:11:38,4.0,28.35,121.27,31.9,55.0,3.09
,2025-07-17 14:11:38,4.0,24.82,114.72,33.9,49.0,8.23
,2025-07-17 19:11:38,4.0,21.97,102.76,30.9,62.0,4.12
,2025-07-18 00:11:38,3.0,20.08,91.95,29.9,66.0,3.09
,2025-07-18 05:11:38,3.0,23.05,99.88,29.9,70.0,2.06
,2025-07-18 10:11:38,3.0,21.67,88.61,33.9,49.0,6.17
,2025-07-18 15:11:38,3.0,20.11,79.2,33.9,46.0,7.72
,2025-07-18 20:11:38,3.0,18.98,81.03,29.9,62.0,6.17
,2025-07-19 01:11:38,3.0,19.5,80.35,28.9,74.0,4.12
,2025-07-19 06:11:38,3.0,20.89,78.9,29.9,70.0,3.6
,2025-07-19 11:11:38,3.0,22.21,77.68,32.9,55.0,7.2
,2025-07-19 16:11:38,3.0,20.34,75.17,31.9,62.0,7.72
,2025-07-19 21:11:38,3.0,13.75,55.95,29.9,70.0,6.69
,2025-07-20 02:11:38,3.0,14.57,60.31,29.9,66.0,6.17
,2025-07-20 07:11:38,3.0,16.05,66.49,28.9,79.0,1.54
,2025-07-20 12:11:38,3.0,21.74,92.46,32.9,58.0,5.14
,2025-07-20 17:11:38,4.0,22.31,100.46,31.9,62.0,6.17
,2025-07-20 22:11:38,4.0,22.84,102.76,29.9,74.0,5.14
,2025-07-21 03:11:38,4.0,28.78,134.18,28.9,79.0,4.63
,2025-07-21 08:11:38,3.0,24.82,89.82,30.9,66.0,4.12
,2025-07-21 13:11:38,3.0,18.97,67.3,34.9,43.0,6.69
,2025-07-21 18:11:38,3.0,17.7,70.52,31.9,55.0,5.14
,2025-07-21 23:11:38,3.0,17.24,70.52,29.9,70.0,3.6
,2025-07-22 04:11:38,3.0,17.19,75.48,29.9,66.0,2.57
,2025-07-22 09:11:38,3.0,14.89,56.07,30.9,62.0,6.17
,2025-07-22 14:11:38,2.0,13.73,49.78,32.9,52.0,8.23
,2025-07-22 19:11:38,2.0,13.33,43.57,29.9,70.0,8.23
,2025-07-23 00:11:38,3.0,14.93,53.48,28.9,74.0,7.72
,2025-07-23 05:11:38,3.0,14.33,51.27,28.9,74.0,7.2
,2025-07-23 10:11:38,3.0,16.4,64.77,30.9,70.0,8.23
,2025-07-23 15:11:38,3.0,17.98,77.24,31.9,58.0,8.23
,2025-07-23 20:11:38,3.0,14.9,63.5,29.9,70.0,7.72
,2025-07-24 01:11:38,4.0,27.1,115.73,28.9,74.0,7.72
,2025-07-24 06:11:38,3.0,21.26,88.89,28.9,74.0,5.14
,2025-07-24 11:11:38,3.0,21.57,88.52,32.9,55.0,5.66
,2025-07-24 16:11:38,3.0,23.04,96.32,32.9,55.0,6.17
,2025-07-24 21:11:38,3.0,19.94,82.03,29.9,66.0,4.63
,2025-07-25 02:11:38,4.0,28.41,111.87,28.9,70.0,4.63
,2025-07-25 07:11:38,4.0,26.01,101.27,29.9,70.0,2.06
,2025-07-25 12:11:38,4.0,25.82,110.82,32.9,55.0,5.14
,2025-07-25 17:11:38,3.0,24.47,92.09,32.9,52.0,7.72
,2025-07-25 22:11:38,4.0,27.83,103.5,29.9,70.0,5.66
,2025-07-26 03:11:38,4.0,31.35,102.0,29.9,70.0,5.66
,2025-07-26 08:11:38,4.0,28.47,109.06,29.9,66.0,5.14
,2025-07-26 13:11:38,3.0,24.88,88.05,32.9,55.0,7.72
,2025-07-26 18:11:38,4.0,29.73,124.5,29.9,62.0,6.17
,2025-07-26 23:11:38,4.0,38.63,177.56,28.9,70.0,6.17
,2025-07-27 04:11:38,4.0,34.61,166.76,28.9,70.0,5.66
,2025-07-27 09:11:38,4.0,28.82,144.77,30.9,66.0,6.17
,2025-07-27 14:11:38,4.0,28.51,144.34,32.9,55.0,8.23
,2025-07-27 19:11:38,4.0,34.41,174.17,29.9,66.0,5.14
,2025-07-28 00:11:38,4.0,33.34,175.81,28.9,70.0,4.63
,2025-07-28 05:11:38,4.0,29.12,150.72,27.9,78.0,5.14
,2025-07-28 10:11:38,4.0,27.5,138.5,30.9,66.0,7.72
,2025-07-28 15:11:38,4.0,27.98,141.33,29.9,70.0,9.77
,2025-07-28 20:11:38,4.0,33.02,169.52,28.9,74.0,7.72
,2025-07-29 01:11:38,4.0,28.59,145.26,28.9,79.0,7.2
,2025-07-29 06:11:38,4.0,23.44,114.45,28.9,79.0,6.69
,2025-07-29 11:11:38,4.0,24.41,121.39,29.9,66.0,9.26
,2025-07-29 16:11:38,4.0,30.11,148.04,30.9,58.0,8.23
,2025-07-29 21:11:38,4.0,36.82,182.09,28.9,70.0,8.75
,2025-07-30 02:11:38,4.0,31.94,153.78,27.9,74.0,6.17
,2025-07-30 07:11:38,4.0,31.48,154.07,28.9,70.0,7.72
,2025-07-30 12:11:38,4.0,32.15,159.12,30.9,66.0,5.66
,2025-07-30 17:11:38,4.0,36.92,160.45,29.9,70.0,6.17
,2025-07-30 22:11:38,4.0,42.13,173.0,28.9,74.0,4.63
,2025-07-31 03:11:38,4.0,32.93,150.18,28.9,70.0,4.63
,2025-07-31 08:11:38,4.0,29.18,138.39,29.9,70.0,5.14
,2025-07-31 13:11:38,4.0,29.63,133.11,31.9,55.0,7.2
,2025-07-31 18:11:38,4.0,30.08,139.69,29.9,62.0,4.63
,2025-07-31 23:11:38,4.0,31.92,147.74,28.9,74.0,2.57
,2025-08-01 04:11:38,4.0,27.61,129.85,28.9,74.0,5.14
,2025-08-01 09:11:38,3.0,19.66,73.25,27.9,83.0,7.2
,2025-08-01 14:11:38,3.0,19.96,67.95,32.9,49.0,6.17
,2025-08-01 19:11:38,3.0,23.17,98.04,28.9,74.0,6.69
,2025-08-02 00:11:38,4.0,24.54,113.92,28.9,70.0,4.63
,2025-08-02 05:11:38,3.0,17.85,68.08,27.9,74.0,5.14
,2025-08-02 10:11:38,3.0,17.23,60.09,29.9,66.0,7.2
,2025-08-02 15:11:38,3.0,16.85,64.84,31.9,55.0,8.75
,2025-08-02 20:11:38,3.0,16.55,61.7,28.9,65.0,5.14
,2025-08-03 01:11:38,3.0,20.7,78.08,28.9,70.0,7.2
,2025-08-03 06:11:38,3.0,18.73,65.33,27.9,74.0,4.12
,2025-08-03 11:11:38,3.0,19.13,79.16,30.9,62.0,7.2
,2025-08-03 16:11:38,3.0,15.48,68.1,30.9,58.0,7.2
,2025-08-03 21:11:38,2.0,13.47,49.97,28.9,65.0,4.12
,2025-08-04 02:11:38,3.0,14.21,50.48,27.9,74.0,5.14
,2025-08-04 07:11:38,2.0,12.67,46.9,28.9,74.0,5.14
,2025-08-04 12:11:38,2.0,11.22,44.97,31.9,48.0,8.75
,2025-08-04 17:11:38,2.0,9.99,39.48,29.9,54.0,7.2
,2025-08-04 22:11:38,2.0,11.23,40.22,28.9,65.0,5.14
,2025-08-05 03:11:38,3.0,13.35,52.49,27.9,74.0,7.2
,2025-08-05 08:11:38,2.0,11.66,46.32,27.9,74.0,6.69
,2025-08-05 13:11:38,2.0,11.23,44.7,30.9,55.0,7.72
,2025-08-05 18:11:38,2.0,10.26,40.95,28.9,61.0,7.72
,2025-08-05 23:11:38,3.0,11.97,50.03,27.9,74.0,4.63
,2025-08-06 04:11:38,3.0,13.74,59.63,26.9,83.0,7.2
,2025-08-06 09:11:38,3.0,12.15,53.38,28.9,70.0,5.14
,2025-08-06 14:11:38,2.0,10.09,37.3,32.9,46.0,8.23
,2025-08-06 19:11:38,2.0,10.51,36.01,28.9,65.0,8.75
,2025-08-07 00:11:38,2.0,10.83,37.7,27.9,74.0,5.14
,2025-08-07 05:11:38,2.0,13.03,45.56,27.9,74.0,4.12
,2025-08-07 10:11:38,3.0,15.99,67.22,31.9,55.0,6.17
,2025-08-07 15:11:38,3.0,13.71,62.07,32.9,46.0,6.17
,2025-08-07 20:11:38,2.0,10.13,40.93,28.9,65.0,8.75
,2025-08-08 01:11:38,2.0,9.48,35.24,27.9,69.0,4.12
,2025-08-08 06:11:38,2.0,9.8,32.84,27.9,69.0,4.12
,2025-08-08 11:11:38,2.0,12.28,48.73,32.9,49.0,9.26
,2025-08-08 16:11:38,3.0,12.49,58.41,32.9,46.0,9.77
,2025-08-08 21:11:38,2.0,10.01,44.02,28.9,58.0,6.69
,2025-08-09 02:11:38,2.0,9.1,36.11,27.9,69.0,5.14
,2025-08-09 07:11:38,2.0,9.0,34.5,28.9,65.0,3.09
,2025-08-09 12:11:38,2.0,11.71,49.46,31.9,51.0,10.29
,2025-08-09 17:11:38,3.0,12.72,61.52,29.9,58.0,9.26
,2025-08-09 22:11:38,3.0,10.71,51.12,27.9,69.0,6.69
,2025-08-10 03:11:38,2.0,8.4,36.09,27.9,74.0,5.14
,2025-08-10 08:11:38,2.0,9.51,32.88,27.9,78.0,4.12
,2025-08-10 13:11:38,2.0,11.72,46.11,32.9,49.0,7.72
,2025-08-10 18:11:38,3.0,12.12,53.98,28.9,61.0,7.72
,2025-08-10 23:11:38,2.0,9.19,37.38,27.9,74.0,6.69
,2025-08-11 04:11:38,2.0,7.97,28.4,27.9,74.0,5.66
,2025-08-11 09:11:38,2.0,9.45,34.6,28.9,70.0,7.72
,2025-08-11 14:11:38,3.0,11.72,50.07,29.9,62.0,9.26
,2025-08-11 19:11:38,2.0,9.65,42.63,27.9,74.0,6.17
,2025-08-12 00:11:38,2.0,11.07,47.55,26.9,74.0,4.63
,2025-08-12 05:11:38,2.0,11.33,49.15,26.9,74.0,6.17
,2025-08-12 10:11:38,3.0,13.75,62.49,28.9,70.0,6.69
,2025-08-12 15:11:38,3.0,13.32,61.44,29.9,62.0,8.23
,2025-08-12 20:11:38,3.0,13.72,60.74,27.9,74.0,6.17
,2025-08-13 01:11:38,3.0,16.89,73.96,27.9,78.0,4.12
,2025-08-13 06:11:38,4.0,21.57,101.01,26.9,78.0,4.63
,2025-08-13 11:11:38,4.0,21.49,103.68,29.9,70.0,5.66
,2025-08-13 16:11:38,3.0,19.66,95.0,29.9,66.0,5.66
,2025-08-13 21:11:38,3.0,19.94,92.82,28.9,70.0,3.6
,2025-08-14 02:11:38,3.0,20.21,93.43,26.9,78.0,2.06
,2025-08-14 07:11:38,3.0,21.16,96.47,27.9,78.0,2.06
,2025-08-14 12:11:38,3.0,20.39,90.76,32.9,52.0,4.12
,2025-08-14 17:11:38,3.0,19.63,86.14,29.9,66.0,4.12
,2025-08-14 22:11:38,3.0,18.26,80.34,28.9,65.0,4.12
,2025-08-15 03:11:38,3.0,17.17,72.95,27.9,74.0,2.57
,2025-08-15 08:11:38,3.0,15.47,55.8,28.9,79.0,3.09
,2025-08-15 13:11:38,3.0,15.65,52.39,34.9,43.0,2.06
,2025-08-15 18:11:38,3.0,18.02,60.32,31.9,51.0,5.14
,2025-08-15 23:11:38,3.0,16.12,59.22,28.9,74.0,3.6
,2025-08-16 04:11:38,2.0,13.74,47.97,28.9,65.0,2.06
,2025-08-16 09:11:38,2.0,13.56,44.73,32.9,52.0,2.06
,2025-08-16 14:11:38,2.0,13.45,42.09,34.9,49.0,7.2
,2025-08-16 19:11:38,2.0,14.21,40.83,30.9,62.0,5.14
,2025-08-17 00:11:38,2.0,13.93,40.28,28.9,70.0,4.12
,2025-08-17 05:11:38,2.0,12.3,36.03,28.9,79.0,3.6
,2025-08-17 10:11:38,2.0,13.67,41.18,32.9,58.0,3.09
,2025-08-17 15:11:38,2.0,13.74,40.6,34.9,46.0,6.17
,2025-08-17 20:11:38,2.0,12.22,34.83,31.9,62.0,3.09
,2025-08-18 01:11:38,2.0,10.67,27.61,29.9,70.0,2.06
,2025-08-18 06:11:38,2.0,10.91,25.62,28.9,84.0,1.54
,2025-08-18 11:11:38,2.0,11.51,27.89,31.9,58.0,5.14
,2025-08-18 16:11:38,2.0,11.99,28.49,34.9,49.0,6.69
,2025-08-18 21:11:38,2.0,11.61,25.36,29.9,74.0,2.06
,2025-08-19 02:11:38,2.0,13.43,25.14,29.9,66.0,1.54
,2025-08-19 07:11:38,2.0,10.74,16.29,28.9,79.0,2.57
,2025-08-19 12:11:38,1.0,8.37,11.18,32.9,66.0,3.6
,2025-08-19 17:11:38,1.0,8.87,12.19,26.9,89.0,3.6
,2025-08-19 22:11:38,2.0,12.2,26.68,25.9,94.0,3.6
,2025-08-20 03:11:38,2.0,11.91,26.52,26.9,89.0,2.06
,2025-08-20 08:11:38,2.0,10.62,17.11,28.9,79.0,3.09
,2025-08-20 13:11:38,1.0,6.42,10.53,34.9,59.0,4.12
,2025-08-20 18:11:38,1.0,9.24,15.89,27.9,74.0,2.06
,2025-08-20 23:11:38,2.0,11.38,18.42,24.9,94.0,2.06
,2025-08-21 04:11:38,1.0,8.58,12.56,25.9,89.0,2.06
,2025-08-21 09:11:38,1.0,7.41,10.33,28.9,74.0,2.57
,2025-08-21 14:11:38,1.0,3.76,5.82,32.9,58.0,3.09
,2025-08-21 19:11:38,1.0,4.84,7.35,27.9,89.0,1.54
,2025-08-22 00:11:38,1.0,6.6,10.39,26.9,83.0,2.57
,2025-08-22 05:11:38,1.0,7.2,13.43,26.9,83.0,4.12
,2025-08-22 10:11:38,1.0,6.41,9.98,29.9,74.0,3.09
,2025-08-22 15:11:38,1.0,6.11,11.08,30.9,79.0,4.12
,2025-08-22 20:11:38,2.0,10.38,25.84,27.9,89.0,4.12
,2025-08-23 01:11:38,2.0,12.94,32.89,27.9,89.0,4.12
,2025-08-23 06:11:38,2.0,13.83,35.6,27.9,83.0,5.14
,2025-08-23 11:11:38,2.0,13.98,42.18,27.9,89.0,4.12
,2025-08-23 16:11:38,3.0,18.04,59.73,28.9,84.0,3.09
,2025-08-23 21:11:38,3.0,17.24,72.63,27.9,89.0,4.12
,2025-08-24 02:11:38,3.0,17.07,69.66,27.9,89.0,4.63
,2025-08-24 07:11:38,3.0,17.21,64.85,27.9,89.0,3.09
,2025-08-24 12:11:38,3.0,18.01,84.59,28.9,89.0,4.63
,2025-08-24 17:11:38,3.0,19.52,89.34,28.9,84.0,5.14
,2025-08-24 22:11:38,3.0,20.24,95.16,27.9,89.0,4.12
,2025-08-25 03:11:38,3.0,19.61,91.93,27.9,89.0,2.57
,2025-08-25 08:11:38,3.0,19.47,87.52,27.9,78.0,4.12
,2025-08-25 13:11:38,3.0,18.84,85.07,29.9,74.0,3.6
,2025-08-25 18:11:38,3.0,20.36,96.6,29.9,74.0,4.12
,2025-08-25 23:11:38,3.0,20.67,98.59,27.9,83.0,3.6
,2025-08-26 04:11:38,3.0,19.62,88.22,27.9,83.0,2.06
,2025-08-26 09:11:38,3.0,19.08,73.64,29.9,70.0,3.6
,2025-08-26 14:11:38,3.0,19.5,75.42,31.9,58.0,4.12
,2025-08-26 19:11:38,3.0,17.5,64.97,28.9,74.0,5.14
,2025-08-27 00:11:38,3.0,18.42,72.42,27.9,78.0,4.12
,2025-08-27 05:11:38,3.0,18.02,65.87,26.9,83.0,4.12
,2025-08-27 10:11:38,3.0,17.26,57.06,29.9,70.0,5.14
,2025-08-27 15:11:38,3.0,18.06,64.59,31.9,58.0,7.72
,2025-08-27 20:11:38,3.0,17.58,76.65,28.9,70.0,5.14
,2025-08-28 01:11:38,3.0,16.37,68.23,27.9,78.0,3.6
,2025-08-28 06:11:38,3.0,14.74,62.45,27.9,78.0,4.63
,2025-08-28 11:11:38,3.0,15.24,63.53,31.9,62.0,5.14
,2025-08-28 16:11:38,3.0,13.84,50.13,31.9,62.0,6.17
,2025-08-28 21:11:38,2.0,13.82,42.55,28.9,74.0,4.12
,2025-08-29 02:11:38,2.0,15.53,46.79,27.9,74.0,4.12
,2025-08-29 07:11:38,2.0,14.59,45.1,28.9,74.0,3.09
,2025-08-29 12:11:38,2.0,12.66,39.49,32.9,55.0,4.12
,2025-08-29 17:11:38,2.0,14.75,49.21,29.9,70.0,5.14
,2025-08-29 22:11:38,3.0,20.97,80.21,28.9,74.0,4.12
,2025-08-30 03:11:38,3.0,22.5,89.68,28.9,74.0,3.09
,2025-08-30 08:11:38,3.0,23.6,94.73,28.9,70.0,3.6
,2025-08-30 13:11:38,3.0,24.66,95.9,32.9,52.0,7.2
,2025-08-30 18:11:38,4.0,25.5,101.69,29.9,66.0,5.14
,2025-08-30 23:11:38,3.0,23.16,99.62,28.9,74.0,4.12
,2025-08-31 04:11:38,3.0,20.85,88.25,27.9,78.0,3.09
,2025-08-31 09:11:38,3.0,17.14,63.72,29.9,70.0,4.63
,2025-08-31 14:11:38,3.0,17.97,67.21,31.9,58.0,7.72
,2025-08-31 19:11:38,3.0,16.56,68.14,28.9,74.0,8.75
,2025-09-01 00:11:38,3.0,16.66,68.78,27.9,69.0,7.72
,2025-09-01 05:11:38,3.0,17.68,69.4,27.9,74.0,6.69
,2025-09-01 10:11:38,3.0,18.38,73.72,29.9,66.0,7.72
,2025-09-01 15:11:38,3.0,16.59,66.41,29.9,66.0,5.14
,2025-09-01 20:11:38,3.0,17.79,73.09,27.9,74.0,6.17
,2025-09-02 01:11:38,3.0,20.64,86.83,27.9,74.0,6.17
,2025-09-02 06:11:38,3.0,18.89,81.19,27.9,74.0,3.09
,2025-09-02 11:11:38,3.0,16.73,71.13,30.9,62.0,5.14
,2025-09-02 16:11:38,3.0,17.0,72.98,30.9,58.0,7.2
,2025-09-02 21:11:38,3.0,17.25,71.42,27.9,74.0,4.63
,2025-09-03 02:11:38,3.0,17.74,73.61,26.9,78.0,3.09
,2025-09-03 07:11:38,3.0,17.83,71.77,27.9,78.0,3.09
,2025-09-03 12:11:38,3.0,17.38,64.25,32.9,49.0,6.17
,2025-09-03 17:11:38,3.0,17.91,73.47,30.9,51.0,7.72
,2025-09-03 22:11:38,3.0,16.33,68.93,27.9,69.0,4.63
,2025-09-04 03:11:38,3.0,16.05,65.29,27.9,69.0,4.12
,2025-09-04 08:11:38,3.0,17.35,62.9,27.9,78.0,5.14
,2025-09-04 13:11:38,3.0,16.42,63.23,33.9,52.0,6.69
,2025-09-04 18:11:38,3.0,15.33,61.87,29.9,66.0,6.69
,2025-09-04 23:11:38,3.0,15.12,60.54,27.9,74.0,3.6
,2025-09-05 04:11:38,3.0,15.57,65.26,26.9,83.0,4.12
,2025-09-05 09:11:38,3.0,16.89,70.34,30.9,70.0,2.06
,2025-09-05 14:11:38,3.0,15.18,59.91,33.9,49.0,6.69
,2025-09-05 19:11:38,3.0,13.3,52.66,28.9,70.0,5.14
,2025-09-06 00:11:38,3.0,15.85,60.19,27.9,74.0,4.63
,2025-09-06 05:11:38,3.0,15.67,58.01,26.9,78.0,4.12
,2025-09-06 10:11:38,3.0,14.83,54.52,30.9,62.0,3.6
,2025-09-06 15:11:38,2.0,13.6,47.64,33.9,49.0,5.14
,2025-09-06 20:11:38,2.0,13.5,48.59,28.9,70.0,7.72
,2025-09-07 01:11:38,3.0,16.91,62.55,27.9,78.0,3.6
,2025-09-07 06:11:38,3.0,17.31,67.84,27.9,78.0,5.14
,2025-09-07 11:11:38,3.0,17.54,72.93,31.9,58.0,4.63
,2025-09-07 16:11:38,3.0,18.77,83.2,28.9,74.0,4.63
,2025-09-07 21:11:38,3.0,19.06,84.23,27.9,74.0,4.12
,2025-09-08 02:11:38,3.0,18.82,80.32,26.9,78.0,4.12
,2025-09-08 07:11:38,3.0,19.99,82.1,25.9,94.0,2.57
,2025-09-08 12:11:38,3.0,19.8,67.86,27.9,78.0,2.57
,2025-09-08 17:11:38,3.0,18.94,64.53,26.9,89.0,2.06
,2025-09-08 22:11:38,3.0,18.53,65.42,26.9,89.0,5.14
,2025-09-09 03:11:38,3.0,18.46,70.91,26.9,89.0,2.06
,2025-09-09 08:11:38,3.0,18.66,68.08,26.9,89.0,2.57
,2025-09-09 13:11:38,2.0,17.03,48.89,27.9,78.0,6.17
,2025-09-09 18:11:38,2.0,11.31,24.5,25.9,89.0,5.14
,2025-09-09 23:11:38,1.0,9.36,18.23,25.9,89.0,4.12
,2025-09-10 04:11:38,2.0,10.08,20.74,24.9,94.0,2.06
,2025-09-10 09:11:38,2.0,11.21,19.01,25.9,94.0,3.6
,2025-09-10 14:11:38,2.0,10.23,17.35,27.9,83.0,5.14
,2025-09-10 19:11:38,1.0,9.14,15.74,25.9,89.0,1.54
,2025-09-11 00:11:38,2.0,9.21,20.94,24.9,94.0,1.54
,2025-09-11 05:11:38,1.0,7.9,18.69,24.9,94.0,1.54
,2025-09-11 10:11:38,1.0,7.07,14.71,26.9,89.0,4.12
,2025-09-11 15:11:38,1.0,7.69,17.49,28.9,74.0,5.14
,2025-09-11 20:11:38,1.0,7.74,18.26,25.9,89.0,4.12
,2025-09-12 01:11:38,1.0,8.27,16.73,26.9,89.0,2.57
,2025-09-12 06:11:38,1.0,6.35,12.2,26.9,89.0,2.06
,2025-09-12 11:11:38,1.0,4.99,9.73,30.9,66.0,5.66
,2025-09-12 16:11:38,1.0,6.78,12.69,29.9,62.0,4.63
,2025-09-12 21:11:38,1.0,6.38,11.55,27.9,69.0,3.6
,2025-09-13 02:11:38,1.0,6.45,11.75,25.9,94.0,3.84
,2025-09-13 07:11:38,1.0,5.18,8.4,26.9,89.0,4.12
,2025-09-13 12:11:38,1.0,4.93,8.2,30.9,66.0,7.2
,2025-09-13 17:11:38,1.0,5.42,10.03,29.9,66.0,7.2
,2025-09-13 22:11:38,1.0,5.26,10.24,26.9,83.0,4.63
,2025-09-14 03:11:38,1.0,4.57,8.77,26.9,83.0,6.17
,2025-09-14 08:11:38,1.0,3.86,7.73,28.9,74.0,4.63
,2025-09-14 13:11:38,1.0,3.2,7.51,31.9,58.0,6.17
,2025-09-14 18:11:38,1.0,3.9,9.15,27.9,69.0,7.72
,2025-09-14 23:11:38,1.0,3.35,8.48,26.9,83.0,4.12
,2025-09-15 04:11:38,1.0,3.84,8.87,26.9,83.0,7.2
,2025-09-15 09:11:38,1.0,3.71,8.97,27.9,78.0,7.2
,2025-09-15 14:11:38,1.0,4.27,12.26,29.9,70.0,8.23
,2025-09-15 19:11:38,1.0,4.43,13.78,27.9,78.0,9.26
,2025-09-16 00:11:38,1.0,5.6,17.3,26.9,83.0,4.63
,2025-09-16 05:11:38,2.0,6.43,21.7,26.9,83.0,3.6
,2025-09-16 10:11:38,2.0,6.0,21.86,27.9,83.0,5.14
,2025-09-16 15:11:38,2.0,6.87,25.29,26.9,89.0,4.12
,2025-09-16 20:11:38,2.0,9.77,41.12,26.9,89.0,4.12
,2025-09-17 01:11:38,2.0,8.28,32.88,26.9,89.0,2.06
,2025-09-17 06:11:38,2.0,10.45,41.46,25.9,89.0,1.03
,2025-09-17 11:11:38,2.0,10.52,43.66,29.9,74.0,3.6
,2025-09-17 16:11:38,2.0,9.32,43.56,29.9,70.0,5.66
,2025-09-17 21:11:38,2.0,7.57,32.72,26.9,83.0,2.57
,2025-09-18 02:11:38,2.0,6.83,28.1,25.9,89.0,2.06
,2025-09-18 07:11:38,2.0,6.93,26.38,27.9,83.0,2.06
,2025-09-18 12:11:38,2.0,6.78,27.61,31.9,58.0,5.14
,2025-09-18 17:11:38,2.0,6.86,28.47,29.9,66.0,6.69
,2025-09-18 22:11:38,2.0,6.65,27.11,26.9,83.0,4.12
,2025-09-19 03:11:38,2.0,6.45,27.59,26.9,83.0,4.12
,2025-09-19 08:11:38,2.0,5.95,25.23,27.9,78.0,2.57
,2025-09-19 13:11:38,2.0,5.71,22.5,30.9,55.0,7.2
,2025-09-19 18:11:38,2.0,6.06,24.1,27.9,65.0,4.63
,2025-09-19 23:11:38,2.0,6.09,23.12,26.9,78.0,3.09
,2025-09-20 04:11:38,1.0,4.85,17.14,26.9,78.0,4.12
,2025-09-20 09:11:38,1.0,3.74,12.51,28.9,74.0,3.09
,2025-09-20 14:11:38,1.0,3.67,12.77,30.9,62.0,4.12
,2025-09-20 19:11:38,1.0,3.4,12.36,27.9,74.0,3.09
,2025-09-21 00:11:38,1.0,3.76,13.7,26.9,78.0,2.57
,2025-09-21 05:11:38,1.0,3.59,12.62,25.9,83.0,3.09
,2025-09-21 10:11:38,1.0,3.28,10.76,28.9,65.0,5.14
,2025-09-21 15:11:38,1.0,2.51,8.47,29.9,58.0,6.69
,2025-09-21 20:11:38,1.0,2.23,7.75,26.9,78.0,5.14
,2025-09-22 01:11:38,1.0,2.38,7.33,26.9,78.0,3.09
,2025-09-22 06:11:38,1.0,2.45,7.2,26.9,78.0,4.63
,2025-09-22 11:11:38,1.0,2.2,6.18,30.9,62.0,6.17
,2025-09-22 16:11:38,1.0,2.45,7.55,29.9,66.0,8.23
,2025-09-22 21:11:38,1.0,2.27,8.39,26.9,78.0,5.14
,2025-09-23 02:11:38,1.0,2.54,9.02,26.9,78.0,4.12
,2025-09-23 07:11:38,1.0,2.92,9.35,27.9,74.0,6.17
,2025-09-23 12:11:38,1.0,2.8,9.1,29.9,66.0,7.2
,2025-09-23 17:11:38,1.0,2.79,9.45,28.9,65.0,7.72
,2025-09-23 22:11:38,1.0,3.63,12.61,26.9,78.0,5.66
,2025-09-24 03:11:38,1.0,4.21,14.92,26.9,78.0,4.12
,2025-09-24 08:11:38,1.0,4.31,15.02,27.9,78.0,3.6
,2025-09-24 13:11:38,1.0,4.28,15.32,29.9,70.0,5.14
,2025-09-24 18:11:38,1.0,4.55,15.69,27.9,74.0,5.14
,2025-09-24 23:11:38,1.0,5.14,18.78,27.9,78.0,5.14
,2025-09-25 04:11:38,2.0,6.45,21.9,25.9,83.0,2.06
,2025-09-25 09:11:38,2.0,7.41,26.56,29.9,70.0,3.6
,2025-09-25 14:11:38,2.0,7.74,28.72,30.9,62.0,6.17
,2025-09-25 19:11:38,2.0,7.46,28.89,27.9,74.0,3.09
,2025-09-26 00:11:38,2.0,6.77,26.0,26.9,83.0,1.54
,2025-09-26 05:11:38,2.0,6.77,26.47,25.9,89.0,1.54
,2025-09-26 10:11:38,2.0,7.28,29.36,30.9,62.0,2.06
,2025-09-26 15:11:38,2.0,7.34,30.5,31.9,55.0,4.12
,2025-09-26 20:11:38,2.0,6.43,25.08,26.9,78.0,2.57
,2025-09-27 01:11:38,2.0,5.55,20.57,26.9,83.0,2.57
,2025-09-27 06:11:38,2.0,7.17,29.07,25.9,89.0,2.06
,2025-09-27 11:11:38,2.0,9.62,39.21,30.9,66.0,4.12
,2025-09-27 16:11:38,2.0,9.63,36.93,34.9,41.0,5.14
,2025-09-27 21:11:38,2.0,6.91,24.22,27.9,78.0,3.09
,2025-09-28 02:11:38,2.0,6.78,23.54,26.9,83.0,3.09
,2025-09-28 07:11:38,2.0,7.99,29.45,27.9,83.0,2.57
,2025-09-28 12:11:38,2.0,11.43,48.11,35.9,46.0,2.06
,2025-09-28 17:11:38,3.0,12.73,57.73,32.9,52.0,3.6
,2025-09-28 22:11:38,2.0,8.34,38.4,28.9,79.0,6.17
,2025-09-29 03:11:38,2.0,7.89,41.02,27.9,78.0,3.09
,2025-09-29 08:11:38,3.0,9.49,53.15,26.9,83.0,2.06
,2025-09-29 13:11:38,3.0,12.33,71.27,37.9,25.0,5.14
,2025-09-29 18:11:38,3.0,14.71,78.12,34.9,28.0,2.57
,2025-09-29 23:11:38,3.0,13.32,67.81,30.9,45.0,2.57
,2025-09-30 04:11:38,3.0,17.99,87.56,27.9,83.0,2.06
,2025-09-30 09:11:38,3.0,16.94,76.35,31.9,48.0,2.57
,2025-09-30 14:11:38,3.0,20.02,86.52,36.9,39.0,7.2
,2025-09-30 19:11:38,3.0,21.33,84.74,25.9,89.0,1.54
,2025-10-01 00:11:38,3.0,19.74,80.29,25.9,89.0,3.09
,2025-10-01 05:11:38,2.0,14.53,27.89,25.9,89.0,2.57
,2025-10-01 10:11:38,2.0,17.28,37.81,30.9,62.0,4.12
,2025-10-01 15:11:38,3.0,28.39,48.22,32.9,49.0,6.69
,2025-10-01 20:11:38,2.0,19.56,31.0,28.9,70.0,4.12
,2025-10-02 01:11:38,2.0,12.24,19.95,27.9,78.0,2.06
,2025-10-02 06:11:38,1.0,8.1,16.78,26.9,83.0,4.12
,2025-10-02 11:11:38,2.0,12.91,26.69,32.9,52.0,8.75
,2025-10-02 16:11:38,2.0,11.0,18.9,32.9,49.0,5.14
,2025-10-02 21:11:38,2.0,4.8,9.96,28.9,74.0,2.06
,2025-10-03 02:11:38,1.0,4.94,10.21,26.9,78.0,4.12
,2025-10-03 07:11:38,1.0,5.42,10.25,26.9,83.0,3.09
,2025-10-03 12:11:38,1.0,5.26,10.91,31.9,55.0,7.2
,2025-10-03 17:11:38,1.0,5.0,11.11,29.9,66.0,6.17
,2025-10-03 22:11:38,1.0,3.89,10.2,27.9,78.0,3.09
,2025-10-04 03:11:38,1.0,4.9,10.99,27.9,74.0,4.63
,2025-10-04 08:11:38,1.0,6.47,14.54,27.9,78.0,3.09
,2025-10-04 13:11:38,1.0,7.61,12.43,31.9,55.0,4.63
,2025-10-04 18:11:38,1.0,8.11,13.39,28.9,79.0,3.09
,2025-10-04 23:11:38,1.0,9.05,13.96,27.9,83.0,3.6
,2025-10-05 04:11:38,1.0,9.48,15.85,26.9,89.0,2.06
,2025-10-05 09:11:38,1.0,8.54,14.01,29.9,70.0,4.63
,2025-10-05 14:11:38,1.0,8.05,14.85,30.9,62.0,7.72
,2025-10-05 19:11:38,1.0,6.82,14.57,27.9,78.0,6.17
,2025-10-06 00:11:38,1.0,5.98,18.7,27.9,78.0,5.66
,2025-10-06 05:11:38,1.0,5.94,17.6,27.9,78.0,6.17
,2025-10-06 10:11:38,2.0,7.13,24.69,30.9,48.0,4.12
,2025-10-06 15:11:38,4.0,20.82,102.15,31.9,48.0,9.26
,2025-10-06 20:11:38,3.0,13.04,59.95,27.9,74.0,6.17
,2025-10-07 01:11:38,2.0,8.26,38.76,26.9,74.0,5.14
,2025-10-07 06:11:38,3.0,10.19,51.02,25.9,78.0,3.09
,2025-10-07 11:11:38,3.0,13.87,75.58,32.9,22.0,1.54
,2025-10-07 16:11:38,3.0,11.82,61.27,30.9,22.0,5.14
,2025-10-07 21:11:38,3.0,10.06,52.87,24.9,47.0,3.09
,2025-10-08 02:11:38,2.0,6.44,31.75,21.9,68.0,2.06
,2025-10-08 07:11:38,2.0,6.32,30.34,23.9,78.0,0.0
,2025-10-08 12:11:38,2.0,7.22,33.85,32.9,22.0,0.0
,2025-10-08 17:11:38,2.0,9.38,48.13,29.9,35.0,3.6
,2025-10-08 22:11:38,2.0,9.15,48.41,24.9,65.0,2.57
,2025-10-09 03:11:38,2.0,6.8,34.88,22.9,68.0,2.57
,2025-10-09 08:11:38,3.0,9.72,50.16,25.9,69.0,2.57
,2025-10-09 13:11:38,3.0,14.37,68.27,33.9,22.0,4.63
,2025-10-09 18:11:38,3.0,13.52,56.1,27.9,42.0,3.09
,2025-10-09 23:11:38,2.0,10.9,42.9,25.9,69.0,2.06
,2025-10-10 04:11:38,2.0,10.24,40.14,22.9,83.0,2.06
,2025-10-10 09:11:38,2.0,11.81,45.37,28.9,61.0,2.57
,2025-10-10 14:11:38,2.0,10.79,37.88,32.9,21.0,5.66
,2025-10-10 19:11:38,2.0,9.65,32.59,26.9,57.0,2.57
,2025-10-11 00:11:38,2.0,7.87,25.59,24.9,69.0,1.54
,2025-10-11 05:11:38,2.0,6.45,20.77,21.9,88.0,1.54
,2025-10-11 10:11:38,2.0,6.25,20.15,30.9,42.0,2.57
,2025-10-11 15:11:38,2.0,6.54,21.37,31.9,27.0,5.14
,2025-10-11 20:11:38,2.0,7.24,23.59,25.9,57.0,2.06
,2025-10-12 01:11:38,2.0,7.42,23.22,25.9,73.0,2.06
,2025-10-12 06:11:38,2.0,8.85,28.97,21.9,88.0,2.06
,2025-10-12 11:11:38,2.0,12.04,41.28,32.9,22.0,2.57
,2025-10-12 16:11:38,2.0,14.85,49.36,31.9,20.0,5.14
,2025-10-12 21:11:38,3.0,16.15,54.34,26.9,36.0,2.06
,2025-10-13 02:11:38,3.0,16.8,58.87,20.9,78.0,2.06
,2025-10-13 07:11:38,3.0,18.56,61.09,22.9,83.0,1.54
,2025-10-13 12:11:38,3.0,29.82,80.77,32.9,22.0,4.12
,2025-10-13 17:11:38,3.0,30.82,81.28,30.9,27.0,3.09
,2025-10-13 22:11:38,3.0,30.07,76.88,26.9,50.0,2.57
,2025-10-14 03:11:38,3.0,29.34,72.96,23.9,69.0,1.54
,2025-10-14 08:11:38,3.0,27.86,66.71,24.9,69.0,2.57
,2025-10-14 13:11:38,3.0,25.56,61.8,33.9,18.0,1.54
,2025-10-14 18:11:38,3.0,21.99,55.31,28.9,28.0,3.09
,2025-10-14 23:11:38,3.0,24.05,60.2,24.9,61.0,2.06
,2025-10-15 04:11:38,3.0,27.02,66.09,23.9,69.0,2.06
,2025-10-15 09:11:38,3.0,36.28,88.51,28.9,37.0,2.57
,2025-10-15 14:11:38,3.0,33.91,83.93,33.9,16.0,3.09
,2025-10-15 19:11:38,3.0,35.21,86.83,28.9,28.0,1.54
,2025-10-16 00:11:38,3.0,33.99,81.61,24.9,57.0,1.54
,2025-10-16 05:11:38,3.0,32.68,77.29,20.9,56.0,2.06
,2025-10-16 10:11:38,3.0,32.95,84.19,31.9,25.0,1.54
,2025-10-16 15:11:38,3.0,37.57,99.92,34.9,21.0,6.17
,2025-10-16 20:11:38,3.0,34.06,89.0,27.9,39.0,0.0
,2025-10-17 01:11:38,3.0,34.0,88.35,21.9,60.0,1.54
,2025-10-17 06:11:38,3.0,37.96,99.24,18.9,63.0,1.03
,2025-10-17 11:11:38,4.0,45.57,115.39,34.9,16.0,2.57
,2025-10-17 16:11:38,4.0,52.32,133.47,33.9,21.0,5.14
,2025-10-17 21:11:38,4.0,50.11,121.33,23.9,50.0,1.03
,2025-10-18 02:11:38,4.0,45.0,102.01,20.9,64.0,0.0
,2025-10-18 07:11:38,3.0,40.34,90.0,22.9,56.0,1.54
,2025-10-18 12:11:38,3.0,39.88,87.11,35.9,14.0,2.06
,2025-10-18 17:11:38,3.0,38.36,86.18,32.9,19.0,3.6
,2025-10-18 22:11:38,3.0,36.51,84.96,22.9,53.0,1.03
,2025-10-19 03:11:38,3.0,35.01,88.71,21.9,73.0,2.06
,2025-10-19 08:11:38,3.0,34.84,96.39,25.9,50.0,0.0
,2025-10-19 13:11:38,3.0,35.08,96.48,35.9,13.0,2.57
,2025-10-19 18:11:38,3.0,33.91,89.53,31.9,17.0,3.09
,2025-10-19 23:11:38,3.0,31.26,74.16,22.9,49.0,0.0
,2025-10-20 04:11:38,3.0,26.51,59.65,19.9,60.0,2.06
,2025-10-20 09:11:38,3.0,26.51,65.39,29.9,32.0,1.03
,2025-10-20 14:11:38,3.0,29.62,72.19,35.9,16.0,1.54
,2025-10-20 19:11:38,3.0,30.25,74.14,29.9,23.0,1.03
,2025-10-21 00:11:38,3.0,28.8,70.46,21.9,49.0,1.54
,2025-10-21 05:11:38,3.0,26.79,68.61,20.9,56.0,3.09
,2025-10-21 10:11:38,3.0,28.63,74.11,32.9,27.0,4.12
,2025-10-21 15:11:38,4.0,51.76,122.34,35.9,14.0,4.12
,2025-10-21 20:11:38,4.0,44.4,110.67,27.9,42.0,1.54
,2025-10-22 01:11:38,4.0,45.35,109.02,23.9,46.0,2.06
,2025-10-22 06:11:38,4.0,66.02,158.5,25.9,34.0,3.09
,2025-10-22 11:11:38,5.0,83.38,185.36,34.9,21.0,3.6
,2025-10-22 16:11:38,5.0,109.85,197.82,34.9,17.0,4.12
,2025-10-22 21:11:38,5.0,93.84,162.28,23.9,46.0,2.06
,2025-10-23 02:11:38,5.0,79.67,140.96,24.9,38.0,2.06
,2025-10-23 07:11:38,5.0,76.03,150.86,25.9,34.0,1.54
,2025-10-23 12:11:38,5.0,98.81,185.88,36.9,12.0,3.6
,2025-10-23 17:11:38,5.0,117.51,207.29,34.9,16.0,3.09
,2025-10-23 22:11:38,5.0,100.6,170.01,25.9,41.0,1.54
,2025-10-24 03:11:38,5.0,86.88,141.82,21.9,46.0,2.57
,2025-10-24 08:11:38,5.0,78.4,143.46,24.9,33.0,1.54
,2025-10-24 13:11:38,5.0,116.51,192.27,36.9,12.0,0.0
,2025-10-24 18:11:38,5.0,100.86,168.94,28.9,28.0,1.03
,2025-10-24 23:11:38,4.0,67.48,109.77,21.9,49.0,1.54
,2025-10-25 04:11:38,4.0,71.3,117.59,20.9,46.0,2.06
,2025-10-25 09:11:38,5.0,76.47,145.23,29.9,25.0,2.06
,2025-10-25 14:11:38,5.0,106.01,176.57,37.9,11.0,2.06
,2025-10-25 19:11:38,5.0,97.48,158.33,26.9,28.0,2.06
,2025-10-26 00:11:38,4.0,64.51,107.19,22.9,33.0,2.57
,2025-10-26 05:11:38,4.0,54.59,111.35,19.9,49.0,2.57
,2025-10-26 10:11:38,4.0,59.66,128.77,33.9,17.0,5.14
,2025-10-26 15:11:38,4.0,70.0,118.77,34.9,14.0,5.14
,2025-10-26 20:11:38,4.0,53.51,92.15,29.9,20.0,4.12
,2025-10-27 01:11:38,4.0,50.32,98.28,25.9,31.0,3.6
,2025-10-27 06:11:38,4.0,52.5,106.03,21.9,49.0,2.57
,2025-10-27 11:11:38,4.0,60.8,111.72,32.9,17.0,6.69
,2025-10-27 16:11:38,5.0,70.46,110.85,33.9,14.0,8.23
,2025-10-27 21:11:38,3.0,47.18,77.86,25.9,29.0,3.09
,2025-10-28 02:11:38,4.0,51.74,95.83,25.9,31.0,3.6
,2025-10-28 07:11:38,3.0,49.28,92.02,25.9,38.0,2.57
,2025-10-28 12:11:38,4.0,67.91,110.43,32.9,22.0,7.72
,2025-10-28 17:11:38,4.0,58.55,87.88,31.9,23.0,9.26
,2025-10-28 22:11:38,4.0,55.72,90.94,27.9,39.0,4.63
,2025-10-29 03:11:38,4.0,59.57,109.15,24.9,53.0,4.63
,2025-10-29 08:11:38,4.0,60.06,112.86,24.9,50.0,5.66
,2025-10-29 13:11:38,4.0,59.94,98.89,31.9,27.0,9.26
,2025-10-29 18:11:38,3.0,37.97,62.35,30.9,22.0,6.69
,2025-10-29 23:11:38,3.0,36.67,65.71,26.9,39.0,2.06
,2025-10-30 04:11:38,3.0,42.66,89.69,24.9,44.0,5.14
,2025-10-30 09:11:38,4.0,52.64,115.36,29.9,32.0,4.63
,2025-10-30 14:11:38,4.0,72.2,130.34,33.9,26.0,9.77
,2025-10-30 19:11:38,4.0,59.69,92.64,29.9,25.0,3.09
,2025-10-31 00:11:38,4.0,50.77,82.85,25.9,34.0,3.09
,2025-10-31 05:11:38,4.0,59.3,120.14,24.9,36.0,3.09
,2025-10-31 10:11:38,4.0,67.35,145.7,31.9,27.0,2.57
,2025-10-31 15:11:38,5.0,97.43,191.22,34.9,14.0,4.12
,2025-10-31 20:11:38,5.0,90.81,172.87,22.9,53.0,2.06
,2025-11-01 01:11:38,4.0,71.06,126.23,21.9,60.0,2.57
,2025-11-01 06:11:38,4.0,68.48,122.71,18.9,55.0,1.54
,2025-11-01 11:11:38,5.0,86.66,149.85,32.9,21.0,2.57
,2025-11-01 16:11:38,5.0,86.81,143.3,32.9,17.0,3.09
,2025-11-01 21:11:38,4.0,64.65,119.5,21.9,56.0,2.06
,2025-11-02 02:11:38,4.0,59.26,112.6,21.9,49.0,2.57
,2025-11-02 07:11:38,4.0,57.63,112.87,19.9,56.0,1.54
,2025-11-02 12:11:38,4.0,55.02,109.92,35.9,14.0,3.09
,2025-11-02 17:11:38,4.0,49.31,102.17,30.9,25.0,2.57
,2025-11-02 22:11:38,4.0,46.83,102.58,21.9,56.0,1.54
,2025-11-03 03:11:38,4.0,66.75,184.46,19.9,73.0,1.03
,2025-11-03 08:11:38,5.0,72.57,220.11,24.9,78.0,1.54
,2025-11-03 13:11:38,4.0,59.72,186.15,32.9,43.0,4.12
,2025-11-03 18:11:38,4.0,47.85,138.69,25.9,73.0,4.12
,2025-11-03 23:11:38,4.0,44.5,121.29,23.9,83.0,2.06
,2025-11-04 04:11:38,4.0,46.39,125.49,19.9,94.0,2.06
,2025-11-04 09:11:38,4.0,37.54,102.67,28.9,51.0,3.6
,2025-11-04 14:11:38,4.0,40.24,144.0,35.9,9.0,2.57
,2025-11-04 19:11:38,5.0,63.5,257.22,28.9,20.0,2.06
,2025-11-05 00:11:38,5.0,67.37,305.17,26.9,12.0,3.09
,2025-11-05 05:11:38,4.0,41.06,167.67,18.9,26.0,2.06
,2025-11-05 10:11:38,4.0,38.48,125.22,32.9,8.0,3.09
,2025-11-05 15:11:38,4.0,58.23,137.05,33.9,7.0,2.57
,2025-11-05 20:11:38,4.0,56.75,131.73,25.9,13.0,1.54
,2025-11-06 01:11:38,4.0,56.65,131.22,17.9,34.0,2.06
,2025-11-06 06:11:38,4.0,53.38,129.24,14.9,38.0,2.57
,2025-11-06 11:11:38,4.0,57.7,131.05,30.9,10.0,1.54
,2025-11-06 16:11:38,4.0,67.32,133.09,30.9,19.0,4.12
,2025-11-06 21:11:38,4.0,47.77,102.96,23.9,57.0,2.57
,2025-11-07 02:11:38,3.0,35.98,86.77,16.9,88.0,2.06
,2025-11-07 07:11:38,3.0,34.39,97.71,16.9,63.0,1.54
,2025-11-07 12:11:38,3.0,33.02,93.34,31.9,11.0,1.54
,2025-11-07 17:11:38,3.0,29.67,77.37,27.9,17.0,4.12
,2025-11-07 22:11:38,3.0,23.14,55.38,18.9,39.0,2.06
,2025-11-08 03:11:38,3.0,17.14,38.08,15.9,55.0,2.57
,2025-11-08 08:11:38,3.0,14.64,34.09,21.9,43.0,2.06
,2025-11-08 13:11:38,3.0,16.18,40.94,29.9,39.0,5.66
,2025-11-08 18:11:38,3.0,20.87,63.76,25.9,53.0,4.12
,2025-11-08 23:11:38,3.0,25.42,84.85,18.9,77.0,2.06
